Index,PMID,Condition,Study,,,
1,17554300,coronary artery disease,"Wellcome Trust Case Control Consortium. Genome-wide association study of 14,000 cases of seven common diseases and 3,000 shared controls. Nature. 2007 Jun 7;447(7145):661-78. doi: 10.1038/nature05911. PMID: 17554300; PMCID:PMC2719288.",,,
2,18264662,coronary artery disease,"Hinohara K, Nakajima T, Takahashi M, Hohda S, Sasaoka T, Nakahara KI, Chida K, Sawabe M, Arimura T, Sato A, Lee BS, Ban JM, Yasunami M, Park JE, Izumi T, Kimura A. Replication of the association between a chromosome 9p21 polymorphism and coronary artery disease in Japanese and Korean 2008;53(4):357-359. doi: 10.1007/s10038-008-0248-4. Epub 2008 Feb 9. PMID:18264662. populations. J Hum Genet.",,,
3,17478681,coronary artery disease,"McPherson R, Pertsemlidis A, Kavaslar N, Stewart A, Roberts R, Cox DR, Hinds DA, Pennacchio LA, Tybjaerg-Hansen A, Folsom AR, Boerwinkle E, Hobbs HH, Cohen JC. A common allele on chromosome 9 associated with coronary heart disease. Science. 2007 Jun 8;316(5830):1488-91. doi: May 3. PMID: 17478681; PMCID: PMC2711874. 10.1126/science.1142447. Epub 2007",,,
4,17478679,myocardial infarction,"Helgadottir A, Thorleifsson G, Manolescu A, Gretarsdottir S, Blondal T, Jonasdottir A, Jonasdottir A, Sigurdsson A, Baker A, Palsson A, Masson G, Gudbjartsson DF, Magnusson KP, Andersen K, Levey AI, Backman VM, Matthiasdottir S, Jonsdottir T, Palsson S, Einarsdottir H, Gunnarsdottir S, Gylfason A, Vaccarino V, Hooper WC, Reilly MP, Granger CB, Austin H, Rader DJ, Shah SH, Quyyumi AA, Gulcher JR, Thorgeirsson G, Thorsteinsdottir U, Kong A, Stefansson K. A common variant on chromosome 9p21 affects the risk of myocardial infarction.Science. 2007 Jun 8;316(5830):1491-3. doi: Epub 2007 May 3. PMID: 17478679. 10.1126/science.1142842.",,,
5,17634449,coronary artery disease,"Samani NJ, Erdmann J, et al. WTCCC and the Cardiogenics Consortium. Genomewide association analysis of coronary artery disease. N Engl J Med. 2007 Aug 2;357(5):443-53. doi:10.1056/NEJMoa072366. Epub 2007 Jul 18. PMID: 17634449; PMCID: PMC2719290.",,,
6,18048766,coronary artery disease,"Shen GQ, Li L, et al. Four SNPs on chromosome 9p21 in a South Korean population implicate a genetic locus that confers high cross-race risk for development of coronary artery disease. Arterioscler Thromb Vasc Biol. 2008 Feb;28(2):360-. doi:10.1161/ATVBAHA.107.157248. Epub 2007 Nov 29. PMID: 18048766.",,,
7,18505420,coronary artery disease,"Abdullah KG, Li L, et al. Four SNPS on chromosome 9p21 confer risk to premature, familial CAD and MI in an American Caucasian population (GeneQuest). Ann Hum Genet. 2008 Sep;72(Pt 5):654-7. doi: 10.1111/j.1469-1809.2008.00454.x. Epub 2008 May 26. PMID:18505420; PMCID: PMC2634771.",,,
8,17903304,coronary artery disease,"Larson MG, Atwood LD, et al. Framingham Heart Study 100K project: genome-wide associations for cardiovascular disease outcomes. BMC Med Genet. 2007 Sep 19;8 Suppl 1(Suppl 1):S5. doi:10.1186/1471-2350-8-S1-S5. PMID: 17903304; PMCID: PMC1995607.",,,
9,18652946,atherosclerosis,"Ye S, Willeit J, et al. Association of genetic variation on chromosome 9p21 with susceptibility and progression of atherosclerosis: a population-based, prospective study. J Am Coll Cardiol. 2008 Jul 29;52(5):378-84. doi: 10.1016/j.jacc.2007.11.087. PMID: 18652946.",,,
10,21307941,coronary artery disease,"Harismendy O, Notani D, et al. 9p21 DNA variants associated with coronary artery disease impair interferon-? signalling response. Nature. 2011 Feb 10;470(7333):264-8. doi: 10.1038/nature09753. PMID: 21307941; PMCID: PMC3079517.",,,
11,19198609,myocardial infarction,"Myocardial Infarction Genetics Consortium; Kathiresan S, et al. Genome-wide association of early-onset myocardial infarction with single nucleotide polymorphisms and copy number variants. Nat Genet. 2009 Mar;41(3):334-41. doi: 10.1038/ng.327. Epub 2009 Feb 8. Erratum in: Nat Genet.2009 Jun;41(6):762. Knouff, Christopher W [added]; Waterworth, Dawn M [added];Walker, Max C [added]; Mooser, Vincent [added]. PMID: 19198609; PMCID:PMC2681011.",,,
12,19198612,coronary artery disease,"Erdmann J, Grosshennig A, et al. New susceptibility locus for coronary artery disease on chromosome 3q22.3. Nat Genet. 2009 Mar;41(3):280-2. doi: 10.1038/ng.307. Epub 2009 Feb 8. PMID: 19198612; PMCID: PMC2695543.",,,
13,21378988,coronary artery disease,Coronary Artery Disease (C4D) Genetics Consortium. A genome-wide association study in Europeans and South Asians identifies five new loci for coronary artery disease. Nat Genet. 2011 Mar 6,43(4):339-44. doi: 10.1038/ng.782. PMID: 21378988.,,
14,21966275,coronary artery disease,"IBC 50K CAD Consortium. Large-scale gene-centric analysis identifies novel variants for coronary artery disease. PLoS Genet. 2011 Sep;7(9):e1002260. doi: 10.1371/journal.pgen.1002260. Epub 2011 Sep 22. Erratum in: PLoS Genet. 2-12 Aug;8(8). doi: 10.1371/annotation/120649cf-8c28-43c9-a688-c7cd65eb1aec. Roosendaal, Frits R [corrected to Rosendaal, Frits R]. PMID: 21966275; PMCID:PMC3178591.",,,
15,23202125,coronary artery disease,CARDIoGRAMplusC4D Consortium, Deloukas P et al. Large-scale association analysis identifies new risk loci for coronary artery disease. Nat Genet. 2013 Jan,45(1):25-33. doi: 10.1038/ng.2480. Epub 2012 Dec 2. PMID: 23202125, PMCID: PMC3679547.
16,26343387,coronary artery disease,"Nikpay M, Goel A et al. A comprehensive 1,000 Genomes-based genome-wide association meta-analysis of coronary artery disease. Nat Genet. 2015 Oct;47(10):1121-1130. doi: 10.1038/ng.3396. Epub 2015 Sep 7. PMID: 26343387; PMCID: PMC4589895.",,,
17,25487149,myocardial infarction,"Do R, Stitziel NO et al. Exome sequencing identifies rare LDLR and APOA5 alleles conferring risk for myocardial infarction. Nature. 2015 Feb 5;518(7537):102-6. doi: 10.1038/nature13917. Epub2014 Dec 10. PMID: 25487149; PMCID: PMC4319990.",,,
18,28267856,coronary artery disease,"Khera AV, Won HH et al. Association of Rare and Common Variation in the Lipoprotein Lipase Gene With Coronary Artery Disease. JAMA. 2017 Mar 7;317(9):937-946. doi: 10.1001/jama.2017.0972. PMID:28267856; PMCID: PMC5664181.",,,
19,16554528,coronary artery disease,"Cohen JC, Boerwinkle E et al. Sequence variations in PCSK9, low LDL, and protection against coronary heart disease. N Engl J Med. 2006 Mar 23;354(12):1264-72. doi: 10.1056/NEJMoa054013. PMID: 16554528.",,,
20,25390462,coronary artery disease,Myocardial Infarction Genetics Consortium Investigators, Stitziel NO et al. Inactivating mutations in NPC1L1 and protection from coronary heart disease. N Engl J Med. 2014 Nov 27,371(22):2072-82. doi: 10.1056/NEJMoa1405386. Epub 2014 Nov 12. PMID:25390462, PMCID: PMC4335708.
21,27192541,coronary artery disease,"Nioi P, Sigurdsson A et al. Variant ASGR1 Associated with a Reduced Risk of Coronary Artery Disease. N Engl J Med. 2016 Jun 2;374(22):2131-41. doi: 10.1056/NEJMoa1508419. Epub 2016 May 18. PMID: 27192541.",,,
22,20031606,myocardial infarction,"Cluett C, McDermott MM et al. The 9p21 myocardial infarction risk allele increases risk of peripheral artery disease in older people. Circ Cardiovasc Genet. 2009 Aug;2(4):347-53. doi: 10.1161/CIRCGENETICS.108.825935. Epub 2009 Jun 23. PMID:20031606; PMCID: PMC2777723.",,,
23,21378990,coronary artery disease,"Schunkert H, Konig IR, et al. Large-scale association analysis identifies 13 new susceptibility loci for coronary artery disease. Nat Genet. 2011 Mar 6;43(4):333-8. doi: 10.1038/ng.784. PMID: 21378990; PMCID: PMC3119261.",,,
24,23352782,coronary artery disease,"Chan K, Patel RS, et al. Association between the chromosome 9p21 locus and angiographic coronary artery disease burden: a collaborative meta-analysis. J Am Coll Cardiol. 2013 Mar 5;61(9):957-70. doi: 10.1016/j.jacc.2012.10.051. Epub 2013 Jan 23. PMID:23352782; PMCID: PMC3653306.",,,
25,19198611,coronary artery disease,"Tregouet DA, Konig IR et al. Genome-wide haplotype association study identifies the SLC22A3-LPAL2-LPA gene cluster as a risk locus for coronary artery disease. Nat Genet. 2009 Mar;41(3):283-5. doi: 10.1038/ng.314. Epub 2009 Feb 8. PMID: 19198611.",,,
26,26343387,coronary artery disease,"Nikpay M, Goel A et al. A comprehensive 1,000 Genomes-based genome-wide association meta-analysis of coronary artery disease. Nat Genet. 2015 Oct;47(10):1121-1130. doi: 10.1038/ng.3396. Epub 2015 Sep 7. PMID:26343387; PMCID: PMC4589895.",,,
27,22042884,coronary artery disease,"Franceschini N, Carty C et al. Association of genetic variants and incident coronary heart disease in multiethnic cohorts: the PAGE study. Circ Cardiovasc Genet. 2011 Dec;4(6):661-72. doi: 10.1161/CIRCGENETICS.111.960096. Epub 2011 Oct 31. PMID:22042884; PMCID: PMC3293207.",,,
28,21270820,coronary artery disease,"Kral BG, Mathias RA et al. A common variant in the CDKN2B gene on chromosome 9p21 protects against coronary artery disease in Americans of African ancestry. J Hum Genet. 2011Mar;56(3):224-9. doi: 10.1038/jhg.2010.171. Epub 2011 Jan 27. PMID: 21270820;PMCID: PMC3079521.",,,
29,23870195,"coronary artery disease, lipoprotein level","Wojczynski MK, Li M, et al. Genetics of coronary artery calcification among African Americans, a meta-analysis. BMC Med Genet. 2013 Jul 19;14:75. doi: 10.1186/1471-2350-14-75. PMID:23870195; PMCID: PMC3733595.",,,
30,19509380,myocardial infarction,"Kamstrup PR, Tybjaerg-Hansen A, Steffensen R, Nordestgaard BG. Genetically elevated lipoprotein(a) and increased risk of myocardial infarction. JAMA. 2009 Jun 10;301(22):2331-9. doi: 10.1001/jama.2009.801. PMID: 19509380.",,,
31,20032323,coronary artery disease,"Clarke R, Peden JF, et al. Genetic variants associated with Lp(a) lipoprotein level and coronary disease. N Engl J Med. 2009 Dec 24;361(26):2518-28. doi: 10.1056/NEJMoa0902604. PMID: 20032323.",,,
32,23388002,valvular calcification and aortic stenosis,"Thanassoulis G, Campbell CY, et al. Genetic associations with valvular calcification and aortic stenosis. N Engl J Med. 2013 Feb 7;368(6):503-12. doi: 10.1056/NEJMoa1109034. PMID: 23388002; PMCID: PMC3766627.",,,
33,25390462,coronary artery disease,Myocardial Infarction Genetics Consortium Investigators, Stitziel NO et al. Inactivating mutations in NPC1L1 and protection from coronary heart disease. N Engl J Med. 2014 Nov 27,371(22):2072-82. doi: 10.1056/NEJMoa1405386. Epub 2014 Nov 12. PMID:25390462, PMCID: PMC4335708.
34,25770315,coronary artery disease,"Ference BA, Majeed F, et al. J Am Coll Cardiol. 2015 Apr 21;65(15):1552-61. doi: 10.1016/j.jacc.2015.02.020. Epub 2015 Mar 11. PMID:25770315; PMCID: PMC6101243.",,,
35,20579540,ischemic heart disease,"Benn M, Nordestgaard BG et al. PCSK9 R46L, low-density lipoprotein cholesterol levels, and risk of ischemic heart disease: 3 independent studies and meta-analyses. J Am Coll Cardiol. 2010 Jun22;55(25):2833-42. doi: 10.1016/j.jacc.2010.02.044. PMID: 20579540.",,,
36,24941081,coronary artery disease,"TG and HDL Working Group of the Exome Sequencing Project, National Heart, Lung, and Blood Institute; Crosby J, Peloso GM et al. Loss-of-function mutations in APOC3, triglycerides, and coronary disease. N Engl J Med. 2014 Jul 3;371(1):22-31. doi:10.1056/NEJMoa1307095. Epub 2014 Jun 18. PMID: 24941081; PMCID: PMC4180269.",,,
37,24941082,ischemic vascular disease,"Jorgensen AB, Frikke-Schmidt R, et al. Loss-of-function mutations in APOC3 and risk of ischemic vascular disease. N Engl J Med. 2014 Jul 3;371(1):32-41. doi: 10.1056/NEJMoa1308027. Epub 2014 Jun 18. PMID:24941082.",,,
38,25487149,myocardial infarction,"Do R, Stitziel NO, et al. Exome sequencing identifies rare LDLR and APOA5 alleles conferring risk for myocardial infarction. Nature. 2015 Feb 5;518(7537):102-6. doi: 10.1038/nature13917. Epub 2014 Dec 10. PMID: 25487149; PMCID: PMC4319990.",,,
39,20452521,coronary artery disease,"Triglyceride Coronary Disease Genetics Consortium and Emerging Risk Factors Collaboration; Sarwar N et al. Triglyceride-mediated pathways and coronary disease: collaborative analysis of 101 studies. Lancet. 2010 May 8;375(9726):1634-9. doi: 10.1016/S0140-6736(10)60545-4. Erratum in: Lancet. 2010 Jul 10;376(9735):90. Kastelein, J J [added]. PMID: 20452521; PMCID: PMC2867029.",,,
40,24097064,coronary artery disease,"Do R, Willer CJ, et al. Common variants associated with plasma triglycerides and risk for coronary artery disease. Nat Genet. 2013 Nov;45(11):1345-52. doi: 10.1038/ng.2795. Epub 2013 Oct 6. PMID: 24097064; PMCID: PMC3904346.",,,
41,19198611,coronary artery disease,"Tregouet DA, Konig IR, et al. Genome-wide haplotype association study identifies the SLC22A3-LPAL2-LPA gene cluster as a risk locus for coronary artery disease. Nat Genet. 2009 Mar;41(3):283-5. doi: 10.1038/ng.314. Epub 2009 Feb 8. PMID: 19198611.",,,
42,20923989,coronary artery disease,"Preuss M, Konig IR, et al. Design of the Coronary ARtery DIsease Genome-Wide Replication And Meta-Analysis (CARDIoGRAM) Study: A Genome-wide association meta-analysis involving more than 22 000 cases and 60 000 controls. Circ Cardiovasc Genet. 2010 Oct;3(5):475-83.doi: 10.1161/CIRCGENETICS.109.899443. Epub 2010 Oct 5. PMID: 20923989; PMCID:PMC3070269.",,,
43,29212778,coronary artery disease,"van der Harst P, Verweij N. Identification of 64 Novel Genetic Loci Provides an Expanded View on the Genetic Architecture of Coronary Artery Disease. Circ Res. 2018 Feb 2;122(3):433-443. doi: 10.1161/CIRCRESAHA.117.312086. Epub 2017 Dec 6. PMID: 29212778; PMCID: PMC5805277.",,,
44,26166477,coronary artery disease,"Christofidou P, Nelson CP, et al. Runs of Homozygosity: Association with Coronary Artery Disease and Gene Expression in Monocytes and Macrophages. Am J Hum Genet. 2015 Aug 6;97(2):228-37. doi: 10.1016/j.ajhg.2015.06.001. Epub 2015 Jul 9. PMID: 26166477; PMCID: PMC4573243.",,,
45,28530674,coronary artery disease,"Howson JMM, Zhao W, et al. Fifteen new risk loci for coronary artery disease highlight arterial-wall-specific mechanisms. Nat Genet. 2017 Jul;49(7):1113-1119. doi: 10.1038/ng.3874. Epub 2017 May 22. PMID: 28530674; PMCID: PMC5555387.",,,
46,20686565,coronary artery disease,"Teslovich TM, Musunuru K, et al. Biological, clinical and population relevance of 95 loci for blood lipids. Nature. 2010 Aug 5;466(7307):707-13. doi:10.1038/nature09270. PMID: 20686565; PMCID: PMC3039276.",,,
47,28714974,coronary artery disease,"Klarin D, Zhu QM, et al. Genetic analysis in UK Biobank links insulin resistance and transendothelial migration pathways to coronary artery disease. Nat Genet. 2017 Sep;49(9):1392-1397. doi: 10.1038/ng.3914. Epub 2017 Jul 17. PMID: 28714974; PMCID: PMC5577383.",,,
48,29472232,coronary artery disease,"Li Y, Wang DW, et al. Genome-Wide Association and Functional Studies Identify SCML4 and THSD7A as Novel Susceptibility Genes for Coronary Artery Disease. Arterioscler Thromb Vasc Biol. 2018 Apr;38(4):964-975. doi:10.1161/ATVBAHA.117.310594. Epub 2018 Feb 22. PMID: 29472232.",,,
49,21107343,myocardial infarction,"Aoki A, Ozaki K, et al. SNPs on chromosome 5p15.3 associated with myocardial infarction in Japanese population. J Hum Genet. 2011 Jan;56(1):47-51. doi:10.1038/jhg.2010.141. Epub 2010 Nov 25. PMID: 21107343.",,,
50,23982368,coronary artery disease,"Qi L, Qi Q, et al. Association between a genetic variant related to glutamic acid metabolism and coronary heart disease in individuals with type 2 diabetes. JAMA. 2013 Aug 28;310(8):821-8. doi: 10.1001/jama.2013.276305. PMID: 23982368; PMCID:PMC3858847.",,,
51,32469254,coronary artery disease,"Matsunaga H, Ito K, et al. Transethnic Meta-Analysis of Genome-Wide Association Studies Identifies Three New Loci and Characterizes Population-Specific Differences for Coronary Artery Disease. Circ Genom Precis Med. 2020 Jun;13(3):e002670. doi: 10.1161/CIRCGEN.119.002670. Epub 2020 May 29. PMID: 32469254.",,,
52,30003307,coronary artery disease,"Fall T, Gustafsson S, et al. Genome-wide association study of coronary artery disease among individuals with diabetes: the UK Biobank. Diabetologia. 2018 Oct;61(10):2174-2179. doi:10.1007/s00125-018-4686-z. Epub 2018 Jul 12. PMID: 30003307; PMCID: PMC6133153.",,,
53,24916648,myocardial infarction,"Hirokawa M, Morita H, et al. A genome-wide association study identifies PLCL2 and AP3D1-DOT1L-SF3A2 as new susceptibility loci for myocardial infarction in Japanese. Eur J Hum Genet. 2015 Mar;23(3):374-80. doi:10.1038/ejhg.2014.110. Epub 2014 Jun 11. PMID: 24916648; PMCID: PMC4326706.",,,
54,25540022,coronary artery disease,"Gan Y, Gong Y, et al. Depression and the risk of coronary heart disease: a meta-analysis of prospective cohort studies. BMC Psychiatry. 2014 Dec 24;14:371. doi:10.1186/s12888-014-0371-z. PMID: 25540022; PMCID: PMC4336481.",,,
55,29695241,coronary artery disease,"Charmet R, Duffy S, et al. Novel risk genes identified in a genome-wide association study for coronary artery disease in patients with type 1 diabetes. Cardiovasc Diabetol. 2018 Apr 25;17(1):61. doi:10.1186/s12933-018-0705-0. PMID: 29695241; PMCID: PMC5916834.",,,
56,30921371,coronary artery disease,"Choi SY, Shin E, et al. Genome-wide association study of coronary artery calcification in asymptomatic Korean populations. PLoS One. 2019 Mar 28;14(3):e0214370. doi:10.1371/journal.pone.0214370. PMID: 30921371; PMCID: PMC6438465.",,,
57,24262325,"coronary artery disease, ischemic stroke","Dichgans M, Malik R, et al. Shared genetic susceptibility to ischemic stroke and coronary artery disease: a genome-wide analysis of common variants. Stroke. 2014 Jan;45(1):24-36. doi: 10.1161/STROKEAHA.113.002707. Epub 2013 Nov 21. PMID: 24262325; PMCID: PMC4112102.",,,
58,21088011,coronary artery disease,"Erdmann J, Willenborg C, et al. Genome-wide association study identifies a new locus for coronary artery disease on chromosome 10p11.23. Eur Heart J. 2011 Jan;32(2):158-68. doi:10.1093/eurheartj/ehq405. Epub 2010 Nov 18. PMID: 21088011.",,,
59,22745674,coronary artery stenosis,"Hager J, Kamatani Y, et al. Genome-wide association study in a Lebanese cohort confirms PHACTR1 as a major determinant of coronary artery stenosis. PLoS One. 2012;7(6):e38663. doi:10.1371/journal.pone.0038663. Epub 2012 Jun 20. PMID: 22745674; PMCID:PMC3380020.",,,
60,29263402,coronary artery disease,"Han Y, Dorajoo R, et al. Genome-wide association study identifies a missense variant at APOA5 for coronary artery disease in Multi-Ethnic Cohorts from Southeast Asia. Sci Rep. 2017 Dec 20;7(1):17921. doi: 10.1038/s41598-017-18214-z. PMID: 29263402; PMCID:PMC5738399.",,,
61,27191271,coronary artery disease,"Hu Q, Liu Q, et al. NPR-C gene polymorphism is associated with increased susceptibility to coronary artery disease in Chinese Han population: a multicenter study. Oncotarget. 2016 Jun 7;7(23):33662-74. doi:10.18632/oncotarget.9358. PMID: 27191271; PMCID: PMC5085110.",,,
62,25948407,myocardial infarction,"Kertai MD, Li YJ, et al. Genome-wide association study of perioperative myocardial infarction after coronary artery bypass surgery. BMJ Open. 2015 May 6;5(5):e006920. doi: 10.1136/bmjopen-2014-006920. PMID: 25948407; PMCID:PMC4431169.",,,
63,23364394,coronary artery disease,"Lee JY, Lee BS, et al. A genome-wide association study of a coronary artery disease risk variant. J Hum Genet. 2013 Mar;58(3):120-6. doi:10.1038/jhg.2012.124. Epub 2013 Jan 31. PMID: 23364394.",,,
64,21347282,coronary artery disease,"Lettre G, Palmer CD, et al. Genome-wide association study of coronary heart disease and its risk factors in 8,090 African Americans:the NHLBI CARe Project. PLoS Genet. 2011 Feb 10;7(2):e1001300. doi:10.1371/journal.pgen.1001300. PMID: 21347282; PMCID: PMC3037413.",,,
65,22751097,coronary artery disease,"Lu X, Wang L, et al. Genome-wide association study in Han Chinese identifies four new susceptibility loci for coronary artery disease. Nat Genet. 2012 Jul 1;44(8):890-4. doi:10.1038/ng.2337. PMID: 22751097; PMCID: PMC3927410.",,,
66,28714975,coronary artery disease,"Nelson CP, Goel A, et al. Association analyses based on false discovery rate implicate new loci for coronary artery disease. Nat Genet. 2017 Sep;49(9):1385-1391. doi: 10.1038/ng.3913. Epub 2017 Jul 17. PMID: 28714975.",,,
67,22144573,myocardial infarction,"O'Donnell CJ, Kavousi M, et al. Genome-wide association study for coronary artery calcification with follow-up in myocardial infarction. Circulation. 2011 Dec 20;124(25):2855-64. doi: 10.1161/CIRCULATIONAHA.110.974899. Epub 2011 Dec 5. PMID: 22144573; PMCID: PMC3397173.",,,
68,23394302,"atherosclerosis, coronary artery calcification","Pechlivanis S, Muhleisen TW, et al. Risk loci for coronary artery calcification replicated at 9p21 and 6q24 in the Heinz Nixdorf Recall Study. BMC Med Genet. 2013 Feb 8;14:23. doi: 10.1186/1471-2350-14-23. PMID: 23394302; PMCID: PMC3583714.",,,
69,21239051,"coronary atheroscerosis, myocardial infarction","Reilly MP, Li M, et al. Identification of ADAMTS7 as a novel locus for coronary atherosclerosis and association of ABO with myocardial infarction in the presence of coronary atherosclerosis: two genome-wide association studies. Lancet. 2011 Jan 29;377(9763):383-92. doi: 10.1016/S0140-6736(10)61996-4. Epub 2011 Jan 14. PMID:21239051; PMCID: PMC3297116.",,,
70,21673312,coronary artery disease,Mehta NN. Large-scale association analysis identifies 13 new susceptibility loci for coronary artery disease. Circ Cardiovasc Genet. 2011 Jun,4(3):327-9.doi:10.1161/CIRCGENETICS.111.960443. PMID: 21673312, PMCID: PMC3125595.,
71,30525989,"lipid levels, coronary artery disease","Siewert KM, Voight BF. Bivariate Genome-Wide Association Scan Identifies 6 Novel Loci Associated With Lipid Levels and Coronary Artery Disease. Circ Genom Precis Med. 2018 Dec;11(12):e002239. doi: 10.1161/CIRCGEN.118.002239. PMID:30525989; PMCID: PMC6291836.",,,
72,21971053,coronary artery disease,"Takeuchi F, Yokota M, et al. Genome-wide association study of coronary artery disease in the Japanese. Eur J Hum Genet. 2012 Mar;20(3):333-40. doi:10.1038/ejhg.2011.184. Epub 2011 Oct 5. PMID: 21971053; PMCID: PMC3283177.",,,
73,32541925,"type 2 diabetes, vascular outcomes","Vujkovic M, Keaton JM, et al. Discovery of 318 new risk loci for type 2 diabetes and related vascular outcomes among 1.4 million participants in a multi-ancestry meta-analysis. Nat Genet. 2020 Jul;52(7):680-691. doi:10.1038/s41588-020-0637-y. Epub 2020 Jun 15. PMID: 32541925; PMCID: PMC7343592.",,,
74,26708285,"coronary artery disease, myocardial infarction","Wakil SM, Ram R, et al. A genome-wide association study reveals susceptibility loci for myocardial infarction/coronary artery disease in Saudi Arabs. Atherosclerosis. 2016 Feb;245:62-70. doi:10.1016/j.atherosclerosis.2015.11.019. Epub 2015 Nov 22. PMID: 26708285.",,,
75,21378986,coronary artery disease,"Wang F, Xu CQ, et al. Genome-wide association identifies a susceptibility locus for coronary artery disease in the Chinese Han population. Nat Genet. 2011 Mar 6;43(4):345-9. doi: 10.1038/ng.783. PMID: 21378986.",,,
76,21606135,coronary artery disease,"Wild PS, Zeller T, et al. A genome-wide association study identifies LIPA as a susceptibility gene for coronary artery disease. Circ Cardiovasc Genet. 2011 Aug 1;4(4):403-12. doi: 10.1161/CIRCGENETICS.110.958728. Epub 2011 May 23. PMID:21606135; PMCID: PMC3157552.",,,
77,28957430,"migraine, coronary artery disease","Winsvold BS, Bettella F, et al. Shared genetic risk between migraine and coronary artery disease: A genome-wide analysis of common variants. PLoS One. 2017 Sep 28;12(9):e0185663. doi: 10.1371/journal.pone.0185663. PMID: 28957430; PMCID:PMC5619824.",,,
78,30226566,"early onset myocardial infarction, coronary artery disease, chronic kidney disease","Yamada Y, Kato K, et al. Identification of 13 novel susceptibility loci for early-onset myocardial infarction, hypertension, or chronic kidney disease. Int J Mol Med. 2018 Nov;42(5):2415-2436. doi: 10.3892/ijmm.2018.3852. Epub 2018 Sep 4. PMID:30226566; PMCID: PMC6192728.",,,
79,30402224,early onset coronary artery disease,"Yamada Y, Yasukochi Y, et al. Identification of 26 novel loci that confer susceptibility to early-onset coronary artery disease in a Japanese population. Biomed Rep. 2018 Nov;9(5):383-404. doi: 10.3892/br.2018.1152. Epub 2018 Sep 17. PMID: 30402224; PMCID: PMC6201041.",,,
80,27973560,"lower LDL-C, coronary artery disease","Fairoozy RH, White J, et al. Identification of the Functional Variant(s) that Explain the Low-Density Lipoprotein Receptor (LDLR) GWAS SNP rs6511720 Association with Lower LDL-C and Risk of CHD. PLoS One. 2016 Dec 14;11(12):e0167676. doi: 10.1371/journal.pone.0167676. PMID: 27973560; PMCID: PMC5156384.",,,
81,28606094,"serum lipids levels, cardiovascular risk","Qiu C, Zeng P, et al. What is the impact of PCSK9 rs505151 and rs11591147 polymorphisms on serum lipids level and cardiovascular risk: a meta-analysis. Lipids Health Dis. 2017 Jun 12;16(1):111. doi: 10.1186/s12944-017-0506-6. PMID: 28606094; PMCID: PMC5469167.",,,
82,24069331,premature coronary artery disease,"Vargas-Alarcon G, Posadas-Romero C, et al. Single nucleotide polymorphisms within LIPA (Lysosomal Acid Lipase A) gene are associated with susceptibility to premature coronary artery disease. a replication in the genetic of atherosclerotic disease (GEA) Mexican study. PLoS One. 2013 Sep 17;8(9):e74703. doi:10.1371/journal.pone.0074703. Erratum in:PLoS One. 2013;8(12). doi:10.1371/annotation/f99d1cf3-ad36-4185-bde4-a6bf654ccdf5. PMID: 24069331;PMCID: PMC3775807.",,,
83,28209224,coronary artery disease,"Webb TR, Erdmann J, et al. Systematic Evaluation of Pleiotropy Identifies 6 Further Loci Associated With Coronary Artery Disease. J Am Coll Cardiol. 2017 Feb 21;69(7):823-836. doi: 10.1016/j.jacc.2016.11.056. PMID:28209224; PMCID: PMC5314135.",,,
84,26982883,coronary artery disease,"Assimes TL, Lee IT, et al. Genetics of Coronary Artery Disease in Taiwan: A Cardiometabochip Study by the Taichi Consortium. PLoS One. 2016 Mar 16;11(3):e0138014. doi:10.1371/journal.pone.0138014. PMID: 26982883; PMCID: PMC4794124.",,,
85,26933753,coronary artery disease,"Dewey FE, Gusarova V, et al. Inactivating Variants in ANGPTL4 and Risk of Coronary Artery Disease. N Engl J Med. 2016 Mar 24;374(12):1123-33. doi:10.1056/NEJMoa1510926. Epub 2016 Mar 2. PMID: 26933753;PMCID: PMC4900689.",,,
86,18940399,coronary artery disease,"Folsom AR, Peacock JM, et al. Variation in ANGPTL4 and risk of coronary heart disease: the Atherosclerosis Risk in Communities Study. Metabolism. 2008 Nov;57(11):1591-6. doi: 10.1016/j.metabol.2008.06.016. PMID:18940399; PMCID: PMC2707767.",,,
87,31584380,coronary artery disease,"Sun W, Han Y, et al. The Assessment of Interleukin-18 on the Risk of Coronary Heart Disease. Med Chem. 2020;16(5):626-634. doi:10.2174/1573406415666191004115128. PMID: 31584380.",,,
88,21829389,coronary artery disease,"Barbalic M, Reiner AP, et al. Genome-wide association analysis of incident coronary heart disease (CHD) in African Americans: a short report. PLoS Genet. 2011 Aug;7(8):e1002199. doi: 10.1371/journal.pgen.1002199. Epub 2011 Aug 4. PMID: 21829389; PMCID: PMC3150445.",,,
89,24778558,coronary artery disease,"Domarkien? I, Pranculis A, et al. RTN4 and FBXL17 Genes are Associated with Coronary Heart Disease in Genome-Wide Association Analysis of Lithuanian Families. Balkan J Med Genet. 2013 Dec;16(2):17-22. doi: 10.2478/bjmg-2013-0026. PMID: 24778558; PMCID: PMC4001410.",,,
90,36252120,coronary artery disease,"Saad M, El-Menyar A, et al. Validation of Polygenic Risk Scores for Coronary Heart Disease in a Middle Eastern Cohort Using Whole Genome Sequencing. Circ Genom Precis Med. 2022 Dec;15(6):e003712. doi: 10.1161/CIRCGEN.122.003712. Epub 2022 Oct 12. PMID: 36252120; PMCID:PMC9770120.",,,
91,19567438,coronary artery disease,"Elliott P, Chambers JC, et al. Genetic Loci associated with C-reactive protein levels and risk of coronary heart disease. JAMA. 2009 Jul 1;302(1):37-48. doi:10.1001/jama.2009.954. PMID:19567438; PMCID: PMC2803020.",,,
92,32203549,coronary artery disease,"Richardson TG, Sanderson E, et al. Evaluating the relationship between circulating lipoprotein lipids and apolipoproteins with risk of coronary heart disease: A multivariable Mendelian randomisation analysis. PLoS Med. 2020 Mar 23;17(3):e1003062. doi:10.1371/journal.pmed.1003062. PMID: 32203549; PMCID: PMC7089422.",,,
93,24916650,coronary artery disease,"Versmissen J, Oosterveer DM, et al. Identifying genetic risk variants for coronary heart disease in familial hypercholesterolemia: an extreme genetics approach. Eur J Hum Genet. 2015 Mar;23(3):381-7. doi: 10.1038/ejhg.2014.101. Epub 2014 Jun 11. PMID: 24916650; PMCID: PMC4326701.",,,
94,19060911,coronary artery disease,"Aulchenko YS, Ripatti S, et al. Loci influencing lipid levels and coronary heart disease risk in 16 European population cohorts. Nat Genet. 2009 Jan;41(1):47-55. doi: 10.1038/ng.269. Epub 2008 Dec 7. PMID: 19060911; PMCID: PMC2687074.",,,
95,26950853,coronary artery disease,"Dehghan A, Bis JC, et al. Genome-Wide Association Study for Incident Myocardial Infarction and Coronary Heart Disease in Prospective Cohort Studies: The CHARGE Consortium. PLoS One. 2016 Mar 7;11(3):e0144997. doi: 10.1371/journal.pone.0144997. PMID: 26950853; PMCID:PMC4780701.",,,
96,28869590,coronary artery disease,"Zhao W, Rasheed A, et al. Identification of new susceptibility loci for type 2 diabetes and shared etiological pathways with coronary heart disease. Nat Genet. 2017 Oct;49(10):1450-1457. doi: 10.1038/ng.3943. Epub 2017 Sep 4. PMID: 28869590; PMCID: PMC5844224.",,,
97,24507774,coronary artery disease,"Peloso GM, Auer PL, et al. Association of low-frequency and rare coding-sequence variants with blood lipids and coronary heart disease in 56,000 whites and blacks. Am J Hum Genet. 2014 Feb 6;94(2):223-32. doi:10.1016/j.ajhg.2014.01.009. PMID: 24507774; PMCID: PMC3928662.",,,
98,22003152,coronary artery disease,"Grallert H, Dupuis J, et al. Eight genetic loci associated with variation in lipoprotein-associated phospholipase A2 mass and activity and coronary heart disease: meta-analysis of genome-wide association studies from five community-based studies. Eur Heart J. 2012 Jan;33(2):238-51. doi:10.1093/eurheartj/ehr372. Epub 2011 Oct 14. PMID: 22003152; PMCID: PMC3258449.",,,
99,28385496,coronary artery disease,"Stitziel NO, Khera AV, et al. ANGPTL3 Deficiency and Protection Against Coronary Artery Disease. J Am Coll Cardiol. 2017 Apr 25;69(16):2054-2063. doi:10.1016/j.jacc.2017.02.030. Epub 2017 Apr 3. PMID:28385496; PMCID: PMC5404817.",,,
100,20971364,coronary artery disease,"Ripatti S, Tikkanen E, et al. A multilocus genetic risk score for coronary heart disease: case-control and prospective cohort analyses. Lancet. 2010 Oct 3;376(9750):1393-400. doi: 10.1016/S0140-6736(10)61267-6. PMID:20971364; PMCID: PMC2965351.",,,
101,27655226,coronary artery disease,"Abraham G, Havulinna AS, et al. Genomic prediction of coronary heart disease. Eur Heart J. 2016 Nov 14;37(43):3267-3278. doi: 10.1093/eurheartj/ehw450. Epub 2016 Sep 21. PMID: 27655226; PMCID: PMC5146693.",,,
102,30104762,coronary artery disease,"Khera AV, Chaffin M, et al. Genome-wide polygenic scores for common diseases identify individuals with risk equivalent to monogenic mutations. Nat Genet. 2018 Sep;50(9):1219-1224. doi: 10.1038/s41588-018-0183-z. Epub 2018 Aug 13. PMID: 30104762; PMCID: PMC6128408.",,,
103,30309464,coronary artery disease,"Inouye M, Abraham G, et al. Genomic Risk Prediction of Coronary Artery Disease in 480,000 Adults: Implications for Primary Prevention. J Am Coll Cardiol. 2018 Oct 16;72(16):1883-1893. doi: 10.1016/j.jacc.2018.07.079. PMID: 30309464; PMCID: PMC6176870.",,,
104,33444330,coronary artery disease,"Sun L, Pennells L, et al. Polygenic risk scores in cardiovascular risk prediction: A cohort study and modelling analyses. PLoS Med. 2021 Jan 14;18(1):e1003498. doi:10.1371/journal.pmed.1003498. PMID: 33444330; PMCID: PMC7808664.",,,
105,34463132,coronary artery disease,"Wells QS, Bagheri M, et al. Polygenic Risk Score to Identify Subclinical Coronary Heart Disease Risk in Young Adults. Circ Genom Precis Med. 2021 Oct;14(5):e003341. doi: 10.1161/CIRCGEN.121.003341. Epub 2021 Aug 31. PMID: 34463132; PMCID: PMC8530876.",,,
106,25463077,coronary artery disease,"Gui L, Wu F, et al. A multilocus genetic risk score predicts coronary heart disease risk in a Chinese Han population. Atherosclerosis. 2014 Dec;237(2):480-5. doi:10.1016/j.atherosclerosis.2014.09.032. Epub 2014 Oct 18. PMID: 25463077.",,,
107,33020668,coronary artery disease,"Koyama S, Ito K, et al. Population-specific and trans-ancestry genome-wide analyses identify distinct and shared genetic risk loci for coronary artery disease. Nat Genet. 2020 Nov;52(11):1169-1177. doi: 10.1038/s41588-020-0705-3. Epub 2020 Oct 5. PMID: 33020668.",,,
108,22662243,coronary artery disease,"Morris DR, Moxon JV, et al. Meta-analysis of the association between transforming growth factor-beta polymorphisms and complications of coronary heart disease. PLoS One. 2012;7(5):e37878. doi:10.1371/journal.pone.0037878. Epub 2012 May 25. PMID: 22662243; PMCID:PMC3360665.",,,
109,31261499,coronary artery disease,"Du L, Gong T, et al. Contribution of the polymorphism rs1800469 of transforming growth factor ? in the development of myocardial infarction: meta-analysis of 5460 cases and 8413 controls (MOOSE-compliant article). Medicine (Baltimore). 2019 Jun;98(26):e15946. doi:10.1097/MD.0000000000015946. PMID: 31261499; PMCID:PMC6617069.",,,
110,22607024,coronary artery disease,"Lu Y, Boer JM, et al. TGFB1 genetic polymorphisms and coronary heart disease risk: a meta-analysis. BMC Med Genet. 2012 May 18;13:39. doi:10.1186/1471-2350-13-39. PMID: 22607024; PMCID: PMC3497590.",,,
111,28686695,coronary artery disease,"Christiansen MK, Larsen SB, et al. Coronary artery disease-associated genetic variants and biomarkers of inflammation. PLoS One. 2017 Jul 7;12(7):e0180365. doi: 10.1371/journal.pone.0180365. PMID: 28686695; PMCID:PMC5501546.",,,
112,22872813,myocardial infarction,"Barsova RM, Titov BV, et al. Contribution of the TGFB1 Gene to Myocardial Infarction Susceptibility. Acta Naturae. 2012 Apr;4(2):74-9. PMID: 22872813; PMCID: PMC3408705.",,,
113,19959123,coronary artery disease,"Tseng ZH, Vittinghoff E, et al. Association of TGFBR2 polymorphism with risk of sudden cardiac arrest in patients with coronary artery disease. Heart Rhythm. 2009 Dec;6(12):1745-50. doi: 10.1016/j.hrthm.2009.08.031. Epub 2009 Aug 28. PMID: 19959123; PMCID: PMC2789271.",,,
114,27234600,coronary artery disease,"Yang M, Zhu M, et al. Polymorphisms of TGF?-1 and TGFBR2 in relation to coronary artery disease in a Chinese population. Clin Biochem. 2016 Aug;49(12):873-8. doi:10.1016/j.clinbiochem.2016.05.022. Epub 2016 May 24. PMID: 27234600.",,,
115,25449332,coronary artery disease,"Fragoso JM, Zuniga-Ramos J, et al. The T29C (rs1800470) polymorphism of the transforming growth factor-?1 (TGF-?1) gene is associated with restenosis after coronary stenting in Mexican patients. Exp Mol Pathol. 2015 Feb;98(1):13-7. doi:10.1016/j.yexmp.2014.11.007. Epub 2014 Nov 13. PMID: 25449332.",,,
116,8901839,myocardial infarction,"Cambien F, Ricard S, et al. Polymorphisms of the transforming growth factor-beta 1 gene in relation to myocardial infarction and blood pressure. The Etude Cas-T moin de l'Infarctus du Myocarde (ECTIM) Study. Hypertension. 1996 Nov;28(5):881-7. doi: 10.1161/01.hyp.28.5.881. PMID: 8901839.",,,
117,16543493,myocardial infarction,"Koch W, Hoppmann P, et al. Association of transforming growth factor-beta1 gene polymorphisms with myocardial infarction in patients with angiographically proven coronary heart disease. Arterioscler Thromb Vasc Biol. 2006 May;26(5):1114-9. doi: 10.1161/01.ATV.0000217747.66517.11. Epub 2006 Mar 16. PMID:16543493.",,,
118,36672663,coronary artery disease,"Malinowski D, Safranow K, et al. TGF-?1 and TGF?R2 Gene Polymorphisms in Patients with Unstable Angina. Biomedicines. 2023 Jan 7;11(1):155. doi:10.3390/biomedicines11010155. PMID: 36672663; PMCID: PMC9855791.",,,
119,26400337,coronary artery disease,"Huang XC, Wang W. Association of MEF2A gene 3'UTR mutations with coronary artery disease. Genet Mol Res. 2015 Sep 21;14(3):11073-8. doi:10.4238/2015.September.21.20. PMID: 26400337.",,,
120,14987913,peripheral arterial disease,"Smith FB, Connor JM, et al. Relationship of the platelet glycoprotein PlA and fibrinogen T/G+1689 polymorphisms with peripheral arterial disease and ischaemic heart disease. Thromb Res. 2003;112(4):209-16. doi: 10.1016/j.thromres.2003.11.010. PMID:14987913.",,,
121,15304039,peripheral arterial disease,"Reny JL, Alhenc-Gelas M, et al. The factor II G20210A gene polymorphism, but not factor V Arg506Gln, is associated with peripheral arterial disease: results of a case-control study. J Thromb Haemost. 2004 Aug;2(8):1334-40. doi:10.1111/j.1538-7836.2004.00809.x. PMID: 15304039.",,,
122,12217290,peripheral arterial disease,"Flex A, Gaetani E, et al.The -174 G/C polymorphism of the interleukin-6 gene promoter is associated with peripheral artery occlusive disease. Eur J Vasc Endovasc Surg. 2002 Sep;24(3):264-8. doi:10.1053/ejvs.2002.1711. PMID: 12217290.",,,
123,22361517,peripheral arterial disease,"Wassel CL, Lamina C, et al. Genetic determinants of the ankle-brachial index: a meta-analysis of a cardiovascular candidate gene 50K SNP panel in the candidate gene association resource (CARe) consortium. Atherosclerosis. 2012 May;222(1):138-47. doi: 10.1016/j.atherosclerosis.2012.01.039. Epub 2012 Feb 2. PMID: 22361517; PMCID: PMC3596171.",,,
124,18385739,peripheral arterial disease,"Thorgeirsson TE, Geller F, et al. A variant associated with nicotine dependence, lung cancer and peripheral arterial disease. Nature. 2008 Apr 3;452(7187):638-642. doi: 10.1038/nature06846. PMID: 18385739; PMCID:PMC4539558.",,,
125,18176561,"myocardial infarction, adbominal aortic aneurism, intracranial aneurism","Helgadottir A, Thorleifsson G, et al. The same sequence variant on 9p21 associates with myocardial infarction, abdominal aortic aneurysm and intracranial aneurysm. Nat Genet. 2008 Feb;40(2):217-24. doi: 10.1038/ng.72. Epub 2008 Jan 6. PMID: 18176561.",,,
126,20622881,abdominal aortic aneurysm,"Gretarsdottir S, Baas AF, et al. Genome-wide association study identifies a sequence variant within the DAB2IP gene conferring susceptibilityto abdominal aortic aneurysm. Nat Genet. 2010 Aug;42(8):692-7. doi:10.1038/ng.622. Epub 2010 Jul 11. PMID: 20622881; PMCID: PMC4157066.",,,
127,20610895,peripheral arterial disease,"Koriyama H, Nakagami H, at al. Identification of evidence suggestive of an association with peripheral arterial disease at the OSBPL10 locus by genome-wide investigation in the Japanese population. J Atheroscler Thromb. 2010 Oct 27;17(10):1054-62. doi:10.5551/jat.4291. Epub 2010 Jul 2. PMID: 20610895.",,,
128,26488411,peripheral arterial disease,"Matsukura M, Ozaki K, et al. Genome-Wide Association Study of Peripheral Arterial Disease in a Japanese Population. PLoS One. 2015 Oct 21;10(10):e0139262. doi: 10.1371/journal.pone.0139262. PMID: 26488411; PMCID:PMC4619060.",,,
129,22199011,peripheral arterial disease,"Murabito JM, White CC, et al. Association between chromosome 9p21 variants and the ankle-brachial index identified by a meta-analysis of 21 genome-wide association studies. Circ Cardiovasc Genet. 2012 Feb 1;5(1):100-12. doi:10.1161/CIRCGENETICS.111.961292. Epub 2011 Dec 23. PMID: 22199011; PMCID:PMC3303225.",,,
130,25009551,peripheral arterial disease,"Kullo IJ, Shameer K, et al. The ATXN2-SH2B3 locus is associated with peripheral arterial disease: an electronic medical record-based genome-wide association study. Front Genet. 2014 Jun 25;5:166. doi: 10.3389/fgene.2014.00166. PMID: 25009551; PMCID: PMC4070196.",,,
131,31285632,peripheral arterial disease,"Klarin D, Lynch J, et al. Genome-wide association study of peripheral artery disease in the Million Veteran Program. Nat Med. 2019 Aug;25(8):1274-1279. doi:10.1038/s41591-019-0492-5. Epub 2019 Jul 8. PMID: 31285632; PMCID: PMC6768096.",,,
132,31070467,"peripheral arterial disease, coronary artery disease","Safarova MS, Fan X, et al. Targeted Sequencing Study to Uncover Shared Genetic Susceptibility Between Peripheral Artery Disease and Coronary Heart Disease Brief Report. Arterioscler Thromb Vasc Biol. 2019 Jun;39(6):1227-1233. doi: 10.1161/ATVBAHA.118.312128. PMID: 31070467; PMCID: PMC6531315.",,,
133,26092622,"peripheral arterial disease, coronary artery disease","Vazquez F, Rodger M, et al. Prothrombin G20210A mutation and lower extremity peripheral arterial disease: a systematic review and meta-analysis. Eur J Vasc Endovasc Surg. 2015 Aug;50(2):232-40. doi: 10.1016/j.ejvs.2015.04.033. Epub 2015 Jun 16. PMID: 26092622.",,,
134,32981348,abdominal aortic aneurysm,"Klarin D, Verma SS, et al. Genetic Architecture of Abdominal Aortic Aneurysm in the Million Veteran Program. Circulation. 2020 Oct 27;142(17):1633-1646. doi: 10.1161/CIRCULATIONAHA.120.047544. Epub 2020 Sep 28. PMID: 32981348; PMCID:PMC7580856.",,,
135,32847391,peripheral arterial disease,"Small AM, Huffman JE, et al. Mendelian Randomization Analysis of Hemostatic Factors and Their Contribution to Peripheral Artery Disease-Brief Report. Arterioscler Thromb Vasc Biol. 2021 Jan;41(1):380-386. doi:10.1161/ATVBAHA.119.313847. Epub 2020 Aug 27. PMID: 32847391; PMCID: PMC7785109.",,,
136,33287626,peripheral arterial disease,"Dikilitas O, Satterfield BA, et al. Risk Factors for Polyvascular Involvement in Patients With Peripheral Artery Disease: A Mendelian Randomization Study. J Am Heart Assoc. 2020 Dec 15;9(24):e017740. doi:10.1161/JAHA.120.017740. Epub 2020 Dec 8. PMID: 33287626; PMCID: PMC7955391.",,,
137,33853351,peripheral arterial disease,"Levin MG, Klarin D, et al. Association Between Genetic Variation in Blood Pressure and Increased Lifetime Risk of Peripheral Artery Disease. Arterioscler Thromb Vasc Biol. 2021 Jun;41(6):2027-2034. doi: 10.1161/ATVBAHA.120.315482. Epub 2021 Apr 15. PMID:33853351; PMCID: PMC8159880.",,,
138,17611909,peripheral arterial disease,"Ba?ar Y, Salmayenli N, et al. ACE gene polymorphism in peripheral vascular disease. Horm Metab Res. 2007 Jul;39(7):534-7. doi: 10.1055/s-2007-982529. PMID: 17611909.",,,
139,19782519,peripheral arterial disease,"Fatini C, Sticchi E, et al. Multilocus analysis in candidate genes ACE, AGT, and AGTR1 and predisposition to peripheral arterial disease: role of ACE D/-240T haplotype. J Vasc Surg. 2009 Dec;50(6):1399-404. doi: 10.1016/j.jvs.2009.07.075. Epub 2009 Sep 26. PMID:19782519.",,,
140,20478683,peripheral arterial disease,"Sticchi E, Sofi F, et al. eNOS and ACE genes influence peripheral arterial disease predisposition in smokers. J Vasc Surg. 2010 Jul;52(1):97-102.e1. doi:10.1016/j.jvs.2010.02.021. Epub 2010 May 15. PMID: 20478683.",,,
141,17598820,peripheral arterial disease,"Flex A, Gaetani E, et al. Pro-inflammatory genetic profiles in subjects with peripheral arterial occlusive disease and critical limb ischemia. J Intern Med. 2007 Jul;262(1):124-30. doi: 10.1111/j.1365-2796.2007.01791.x. PMID:17598820.",,,
142,29029143,rheumatic heart disease,"Gray LA, D'Antoine HA, et al. Genome-Wide Analysis of Genetic Risk Factors for Rheumatic Heart Disease in Aboriginal Australians Provides Support for Pathogenic Molecular Mimicry. J Infect Dis. 2017 Dec 12;216(11):1460-1470. doi: 10.1093/infdis/jix497. PMID: 29029143.",,,
143,28928442,rheumatic fever,"Tian C, Hromatka BS, et al. Genome-wide association and HLA region fine-mapping studies identify susceptibility loci for multiple common infections. Nat Commun. 2017 Sep 19;8(1):599. doi: 10.1038/s41467-017-00257-5. PMID: 28928442; PMCID: PMC5605711.",,,
144,32488134,rheumatic heart disease,"Auckland K, Mittal B, et al. The Human Leukocyte Antigen Locus and Rheumatic Heart Disease Susceptibility in South Asians and Europeans. Sci Rep. 2020 Jun 2;10(1):9004. doi: 10.1038/s41598-020-65855-8. PMID: 32488134; PMCID:PMC7265443.",,,
145,19616328,rheumatic heart disease,"Zhu L, Zou LJ, et al. Association of single-nucleotide polymorphisms in toll-like receptor 5 gene with rheumatic heart disease in Chinese Han population. Int J Cardiol. 2010 Nov 5;145(1):129-30. doi:10.1016/j.ijcard.2009.06.046. Epub 2009 Jul 17. PMID: 19616328.",,,
146,34106200,rheumatic heart disease,"Machipisa T, Chong M, et al. Association of Novel Locus With Rheumatic Heart Disease in Black African Individuals: Findings From the RHDGen Study. JAMA Cardiol. 2021 Sep 1;6(9):1000-1011. doi: 10.1001/jamacardio.2021.1627. PMID: 34106200; PMCID:PMC8190704.",,,
147,28492228,rheumatic heart disease,"Parks T, Mirabel MM, et al. Association between a common immunoglobulin heavy chain allele and rheumatic heart disease risk in Oceania. Nat Commun. 2017 May 11;8:14946. doi:10.1038/ncomms14946. PMID: 28492228; PMCID: PMC5437274.",,,
148,29892015,atrial fibrillation,"Roselli C, Chaffin MD, et al. Multi-ethnic genome-wide association study for atrial fibrillation. Nat Genet. 2018 Jun 11;50(9):1225-1233. doi: 10.1038/s41588-018-0133-9. PMID:29892015; PMCID: PMC6136836.",,,
149,30061737,atrial fibrillation,"Nielsen JB, Thorolfsdottir RB, et al. Biobank-driven genomic discovery yields new insight into atrial fibrillation biology. Nat Genet. 2018 Sep;50(9):1234-1239. doi:10.1038/s41588-018-0171-3. Epub 2018 Jul 30. PMID: 30061737; PMCID: PMC6530775.",,,
150,28416822,atrial fibrillation,"Low SK, Takahashi A, et al. Identification of six new genetic loci associated with atrial fibrillation in the Japanese population. Nat Genet. 2017 Jun;49(6):953-958. doi: 10.1038/ng.3842. Epub 2017 Apr 17. PMID: 28416822.",,,
151,28416818,atrial fibrillation,"Christophersen IE, Rienstra M, et al. Large-scale analyses of common and rare variants identify 12 new loci associated with atrial fibrillation. Nat Genet. 2017 Jun;49(6):946-952. doi:10.1038/ng.3843. Epub 2017 Apr 17. Erratum in: Nat Genet. 2017 Jul27;49(8):1286. PMID: 28416818; PMCID: PMC5585859.",,,
152,22544366,atrial fibrillation,"Ellinor PT, Lunetta KL, et al. Meta-analysis identifies six new susceptibility loci for atrial fibrillation. Nat Genet. 2012 Apr 29;44(6):670-5.doi: 10.1038/ng.2261. PMID: 22544366; PMCID: PMC3366038.",,,
153,33950154,atrial fibrillation,"Chalazan B, Mol D, et al. Association of Rare Genetic Variants and Early-Onset Atrial Fibrillation in Ethnic Minority Individuals. JAMA Cardiol. 2021 Jul 1;6(7):811-819. doi: 10.1001/jamacardio.2021.0994. PMID:33950154; PMCID: PMC8100900.",,,
154,25124494,atrial fibrillation,"Sinner MF, Tucker NR, et al. Integrating genetic, transcriptional, and functional analyses to identify 5 novel genes for atrial fibrillation. Circulation. 2014 Oct 7;130(15):1225-35. doi: 10.1161/CIRCULATIONAHA.114.009892. Epub 2014 Aug 14.PMID: 25124494; PMCID: PMC4190011.",,,
155,19597492,atrial fibrillation,"Benjamin EJ, Rice KM, et al. Variants in ZFHX3 are associated with atrial fibrillation in individuals of European ancestry. Nat Genet. 2009 Aug;41(8):879-81. doi: 10.1038/ng.416. Epub 2009 Jul 13. PMID: 19597492; PMCID:PMC2761746.",,,
156,11309638,venous thromboembolism ,"Seligsohn U, Lubetsky A. Genetic susceptibility to venous thrombosis. N Engl J Med. 2001 Apr 19;344(16):1222-31. doi: 10.1056/NEJM200104193441607. PMID:11309638.",,,
157,19278955,venous thromboembolism ,"Tregouet DA, Heath S, et al. Common susceptibility alleles are unlikely to contribute as strongly as the FV and ABO loci to VTE risk: results from a GWAS approach. Blood. 2009 May 21;113(21):5298-303. doi: 10.1182/blood-2008-11-190389. Epub 2009 Mar 10.PMID: 19278955.",,,
158,6895379,venous thromboembolism ,"Griffin JH, Evatt B, et al. Deficiency of protein C in congenital thrombotic disease. J Clin Invest. 1981 Nov;68(5):1370-3. doi: 10.1172/jci110385. PMID: 6895379; PMCID: PMC370934.",,,
159,6238642,venous thromboembolism ,"Schwarz HP, Fischer M, et al. Hopmeier P, Batard MA, Griffin JH. Plasma protein S deficiency in familial thrombotic disease. Blood. 1984 Dec;64(6):1297-300. PMID:6238642.",,,
160,17284699,venous thromboembolism ,"Smith NL, Hindorff LA, et al. Association of genetic variations with nonfatal venous thrombosis in postmenopausal women. JAMA. 2007 Feb 7;297(5):489-98. doi: 10.1001/jama.297.5.489. PMID: 17284699.",,,
161,18349091,venous thromboembolism ,"Bezemer ID, Bare LA, et al. Gene variants associated with deep vein thrombosis. JAMA. 2008 Mar 19;299(11):1306-14. doi:10.1001/jama.299.11.1306. PMID: 18349091.",,,
162,19786939,venous thromboembolism ,"Paiva SG, Sabino AP, et al. Polymorphisms in exons 6 and 7 of the ABO locus and their association with venous thrombosis in young Brazilian patients. Blood Coagul Fibrinolysis. 2009 Mar;20(2):122-8. doi:10.1097/MBC.0b013e328323da99. PMID: 19786939.",,,
163,19278955,venous thromboembolism ,"Tregouet DA, Heath S, et al. Common susceptibility alleles are unlikely to contribute as strongly as the FV and ABO loci to VTE risk: results from a GWAS approach. Blood. 2009 May 21;113(21):5298-303. doi: 10.1182/blood-2008-11-190389. Epub 2009 Mar 10.PMID: 19278955.",,,
164,19583818,venous thromboembolism ,"Li Y, Bezemer ID, et al. Genetic variants associated with deep vein thrombosis: the F11 locus. J Thromb Haemost. 2009 Nov;7(11):1802-8. doi:10.1111/j.1538-7836.2009.03544.x. Epub 2009 Jul 6. PMID: 19583818.",,,
165,17445871,venous thromboembolism ,"Grunbacher G, Weger W, et al. The fibrinogen gamma (FGG) 10034C>T polymorphism is associated with venous thrombosis. Thromb Res. 2007;121(1):33-6. doi:10.1016/j.thromres.2007.03.007. Epub 2007 Apr 19. PMID: 17445871.",,,
166,37107557,obesity,"Kyrgiafini MA, Sarafidou T, et al. Gene-by-Sex Interactions: Genome-Wide Association Study Reveals Five SNPs Associated with Obesity and Overweight in a Male Population. Genes (Basel). 2023 Mar 26;14(4):799. doi: 10.3390/genes14040799. PMID: 37107557;PMCID: PMC10137758.",,,
167,19396169,obesity,"Cho YS, Go MJ, et al. A large-scale genome-wide association study of Asian populations uncovers genetic factors influencing eight quantitative traits. Nat Genet. 2009 May;41(5):527-34. doi: 10.1038/ng.357. Epub 2009 Apr 26. PMID:19396169.",,,
168,22344221,obesity,"Okada Y, Kubo M, et al. Common variants at CDKAL1 and KLF9 are associated with body mass index in east Asian populations. Nat Genet. 2012 Feb 19;44(3):302-6. doi: 10.1038/ng.1086. PMID: 22344221; PMCID: PMC3838874.",,,
169,34057646,obesity,"Castro GV, Latorre AFS, et al. The Impact of Variants in Four Genes: MC4R, FTO, PPARG and PPARGC1A in Overweight and Obesity in a Large Sample of the Brazilian Population. Biochem Genet. 2021 Dec;59(6):1666-1679. doi: 10.1007/s10528-021-10079-2. Epub 2021 May 31. PMID:34057646.",,,
170,34364300,obesity,"Dastgheib SA, Bahrami R, et al. Evidence from a meta-analysis for association of MC4R rs17782313 and FTO rs9939609 polymorphisms with susceptibility to obesity in children. Diabetes Metab Syndr. 2021 Sep-Oct;15(5):102234. doi: 10.1016/j.dsx.2021.102234. Epub 2021 Jul 30. PMID:34364300.",,,
171,21283731,obesity,"Ewens KG, Jones MR, et al. FTO and MC4R gene variants are associated with obesity in polycystic ovary syndrome. PLoS One. 2011 Jan 20;6(1):e16390. doi: 10.1371/journal.pone.0016390. PMID: 21283731;PMCID: PMC3024473.",,,
172,21552555,obesity,"Wang K, Li WD, et al. A genome-wide association study on obesity and obesity-related traits. PLoS One. 2011 Apr 28;6(4):e18939. doi: 10.1371/journal.pone.0018939. Erratum in: PLoS One. 2012;7(2). doi:10.1371/annotation/a34ee94e-3e6a-48bd-a19e-398a4bb88580. PMID: 21552555; PMCID:PMC3084240.",,,
173,26179253,obesity,"Saeed S, Bonnefond A, et al. Genetic variants in LEP, LEPR, and MC4R explain 30% of severe obesity in children from a consanguineous population. Obesity (Silver Spring). 2015 Aug;23(8):1687-95. doi: 10.1002/oby.21142. Epub 2015 Jul 14. Erratum in: Obesity(Silver Spring). 2017 Apr;25(4):807. PMID: 26179253.",,,
174,18574485,obesity,"Kurokawa N, Young EH, et al. The ADRB3 Trp64Arg variant and BMI: a meta-analysis of 44 833 individuals. Int J Obes (Lond). 2008 Aug;32(8):1240-9. doi: 10.1038/ijo.2008.90. Epub 2008 Jun 24.PMID: 18574485.",,,
175,19209189,obesity,"Shugart YY, Chen L, et al. Two British women studies replicated the association between the Val66Met polymorphism in the brain-derived neurotrophic factor (BDNF) and BMI. Eur J Hum Genet. 2009 Aug;17(8):1050-5. doi: 10.1038/ejhg.2008.272. Epub 2009 Feb 11. PMID: 19209189;PMCID: PMC2986560.",,,
176,18375449,obesity,"Benzinou M, Chevre JC, et al. Endocannabinoid receptor 1 gene variations increase risk for obesity and modulate body mass index in European populations. Hum Mol Genet. 2008 Jul 1;17(13):1916-21. doi: 10.1093/hmg/ddn089. Epub 2008 Mar28. PMID: 18375449.",,,
177,19696756,obesity,"Wang D, Ma J, et al. Association of the MC4R V103I polymorphism with obesity: a Chinese case-control study and meta-analysis in 55,195 individuals. Obesity (Silver Spring). 2010 Mar;18(3):573-9.doi: 10.1038/oby.2009.268. Epub 2009 Aug 20. PMID: 19696756.",,,
178,25784503,obesity,"Nead KT, Li A, et al. Contribution of common non-synonymous variants in PCSK1 to body mass index variation and risk of obesity: a systematic review and meta-analysis with evidence from up to 331 175 individuals. Hum Mol Genet. 2015 Jun 15;24(12):3582-94. doi: 10.1093/hmg/ddv097.Epub 2015 Mar 17. PMID: 25784503; PMCID: PMC4498155.",,,
179,17065690,obesity,"Tonjes A, Scholz M, et al. Association of Pro12Ala polymorphism in peroxisome proliferator-activated receptor gamma with Pre-diabetic phenotypes: meta-analysis of 57 studies on nondiabetic individuals.Diabetes Care. 2006 Nov;29(11):2489-97. doi: 10.2337/dc06-0513. PMID: 17065690.",,,
180,17434869,obesity,"Frayling TM, Timpson NJ, et al. A common variant in the FTO gene is associated with body mass index and predisposes to childhood and adult obesity. Science. 2007 May 11;316(5826):889-94. doi:10.1126/science.1141634. Epub 2007 Apr 12. PMID: 17434869; PMCID: PMC2646098.",,,
181,17658951,obesity,"Scuteri A, Sanna S, et al. Genome-wide association scan shows genetic variants in the FTO gene are associated with obesity-related traits. PLoS Genet. 2007 Jul;3(7):e115. doi: 10.1371/journal.pgen.0030115. PMID: 17658951; PMCID: PMC1934391.",,,
182,30124842,obesity,"Yengo L, Sidorenko J,  et al. Meta-analysis of genome-wide association studies for height and body mass index in ?700000 individuals of European ancestry. Hum Mol Genet. 2018 Oct 15;27(20):3641-3649. doi:10.1093/hmg/ddy271. PMID: 30124842; PMCID: PMC6488973.",,,
183,21706003,obesity,"Kilpelainen TO, Zillikens MC, et al. Genetic variation near IRS1 associates with reduced adiposity and an impaired metabolic profile. Nat Genet. 2011 Jun 26;43(8):753-60. doi: 10.1038/ng.866. PMID: 21706003; PMCID: PMC3262230.",,,
184,26833246,obesity,"Lu Y, Day FR, et al. New loci for body fat percentage reveal link between adiposity and cardiometabolic disease risk. Nat Commun. 2016 Feb 1;7:10495. doi:10.1038/ncomms10495. PMID: 26833246; PMCID: PMC4740398.",,,
185,28724990,obesity,"Zillikens MC, Demissie S, et al. Large meta-analysis of genome-wide association studies identifies five loci for lean body mass. Nat Commun. 2017 Jul 19;8(1):80. doi:10.1038/s41467-017-00031-7. Erratum in: Nat Commun. 2017 Nov 7;8(1):1414. PMID:28724990; PMCID: PMC5517526.",,,
186,27918534,obesity,"Chu AY, Deng X, et al. Multiethnic genome-wide meta-analysis of ectopic fat depots identifies loci associated with adipocyte development and differentiation. Nat Genet. 2017 Jan;49(1):125-130. doi: 10.1038/ng.3738. Epub 2016 Dec 5. PMID: 27918534; PMCID: PMC5451114.",,,
187,26833098,obesity,"Kilpelainen TO, Carli JF, et al. Genome-wide meta-analysis uncovers novel loci influencing circulating leptin levels. Nat Commun. 2016 Feb 1;7:10494. doi: 10.1038/ncomms10494. PMID: 26833098; PMCID:PMC4740377.",,,
188,20167575,obesity,"Sun Q, Cornelis MC, et al. Genome-wide association study identifies polymorphisms in LEPR as determinants of plasma soluble leptin receptor levels. Hum Mol Genet. 2010 May 1;19(9):1846-55. doi:10.1093/hmg/ddq056. Epub 2010 Feb 17. Erratum in: Hum Mol Genet. 2011 Feb1;20(3):629. PMID: 20167575; PMCID: PMC2850621.",,,
189,30677029,obesity,"Riveros-McKay F, Mistry V, et al. Genetic architecture of human thinness compared to severe obesity. PLoS Genet. 2019 Jan 24;15(1):e1007603. doi:10.1371/journal.pgen.1007603. PMID: 30677029; PMCID: PMC6345421.",,,
190,32442405,obesity,"Orthofer M, Valsesia A, et al. Identification of ALK in Thinness. Cell. 2020 Jun 11;181(6):1246-1262.e22. doi:10.1016/j.cell.2020.04.034. Epub 2020 May 21. PMID: 32442405.",,,
191,31504550,obesity,"Bradfield JP, Vogelezang S, et al. A trans-ancestral meta-analysis of genome-wide association studies reveals loci associated with childhood obesity. Hum Mol Genet. 2019 Oct 1;28(19):3327-3338. doi: 10.1093/hmg/ddz161. PMID:31504550; PMCID: PMC6859434.",,,
192,26604143,obesity,"Felix JF, Bradfield JP, et al. Genome-wide association analysis identifies three new susceptibility loci for childhood body mass index. Hum Mol Genet. 2016 Jan 15;25(2):389-403. doi:10.1093/hmg/ddv472. Epub 2015 Nov 24. PMID: 26604143; PMCID: PMC4854022.",,,
193,33045005,obesity,"Vogelezang S, Bradfield JP, et al. Novel loci for childhood body mass index and shared heritability with adult cardiometabolic traits. PLoS Genet. 2020 Oct 12;16(10):e1008718. doi:10.1371/journal.pgen.1008718. PMID: 33045005; PMCID: PMC7581004.",,,
194,28892062,obesity,"Akiyama M, Okada Y, et al. Genome-wide association study identifies 112 new loci for body mass index in the Japanese population. Nat Genet. 2017 Oct;49(10):1458-1467. doi: 10.1038/ng.3951.Epub 2017 Sep 11. PMID: 28892062.",,,
195,28430825,obesity,"Ng MCY, Graff M, et al. Discovery and fine-mapping of adiposity loci using high density imputation of genome-wide association studies in individuals of African ancestry: African Ancestry Anthropometry Genetics Consortium. PLoS Genet. 2017 Apr 21;13(4):e1006719. doi:10.1371/journal.pgen.1006719. PMID: 28430825; PMCID: PMC5419579.",,,
196,31217584,obesity,"Wojcik GL, Graff M, et al. Genetic analyses of diverse populations improves discovery for complex traits. Nature. 2019 Jun;570(7762):514-518. doi:10.1038/s41586-019-1310-4. Epub 2019 Jun 19. PMID: 31217584; PMCID: PMC6785182.",,,
197,29311636,obesity,"Grarup N, Moltke I, et al. Loss-of-function variants in ADCY3 increase risk of obesity and type 2 diabetes. Nat Genet. 2018 Feb;50(2):172-174. doi: 10.1038/s41588-017-0022-7. Epub 2018 Jan 8. PMID: 29311636; PMCID: PMC5828106.",,,
198,29311637,obesity,"Saeed S, Bonnefond A, et al. Loss-of-function mutations in ADCY3 cause monogenic severe obesity. Nat Genet. 2018 Feb;50(2):175-179. doi: 10.1038/s41588-017-0023-6. Epub 2018 Jan 8. PMID:29311637.",,,
199,27455349,obesity,"Minster RL, Hawley NL, et al. A thrifty variant in CREBRF strongly influences body mass index in Samoans. Nat Genet. 2016 Sep;48(9):1049-1054. doi: 10.1038/ng.3620. Epub 2016 Jul 25. PMID: 27455349; PMCID: PMC5069069.",,,
200,28663568,obesity,"Hendricks AE, Bochukova EG, et al. Rare Variant Analysis of Human and Rodent Obesity Genes in Individuals with Severe Childhood Obesity. Sci Rep. 2017 Jun 29;7(1):4394. doi: 10.1038/s41598-017-03054-8. PMID: 28663568; PMCID:PMC5491520.",,,
201,29273807,obesity,"Turcot V, Lu Y, et al. Protein-altering variants associated with body mass index implicate pathways that control energy intake and expenditure in obesity. Nat Genet. 2018 Jan;50(1):26-41. doi:10.1038/s41588-017-0011-x. Epub 2017 Dec 22. Erratum in: Nat Genet. 2018 Mar16;: Erratum in: Nat Genet. 2018 Mar 16;: Erratum in: Nat Genet. 2019Jul;51(7):1191-1192. PMID: 29273807; PMCID: PMC5945951.",,,
202,29691411,obesity,"Emdin CA, Khera AV, et al. Analysis of predicted loss-of-function variants in UK Biobank identifies variants protective for disease. Nat Commun. 2018 Apr 24;9(1):1613. doi: 10.1038/s41467-018-03911-8. PMID: 29691411;PMCID: PMC5915445.",,,
203,34210852,obesity,"Akbari P, Gilani A, et al. Sequencing of 640,000 exomes identifies GPR75 variants associated with protection from obesity. Science. 2021 Jul 2;373(6550):eabf8683. doi: 10.1126/science.abf8683. PMID:34210852; PMCID: PMC10275396.",,,
204,34210852,obesity,"Akbari P, Gilani A, et al. Sequencing of 640,000 exomes identifies GPR75 variants associated with protection from obesity. Science. 2021 Jul 2;373(6550):eabf8683. doi: 10.1126/science.abf8683. PMID:34210852; PMCID: PMC10275396.",,,
205,25673413,obesity,"Locke AE, Kahali B, et al. Genetic studies of body mass index yield new insights for obesity biology. Nature. 2015 Feb 12;518(7538):197-206. doi: 10.1038/nature14177. PMID: 25673413;PMCID: PMC4382211.",,,
206,32492392,obesity,"Marenne G, Hendricks AE, et al. Exome Sequencing Identifies Genes and Gene Sets Contributing to Severe Childhood Obesity, Linking PHIP Variants to Repressed POMC Transcription. Cell Metab. 2020 Jun 2;31(6):1107-1119.e12. doi:10.1016/j.cmet.2020.05.007. PMID: 32492392; PMCID: PMC7267775.",,,
207,23869016,obesity,"Asai M, Ramachandrappa S, et al. Loss of function of the melanocortin 2 receptor accessory protein 2 is associated with mammalian obesity. Science. 2013 Jul 19;341(6143):275-8. doi: 10.1126/science.1233000. Erratum in: Science. 2013 Aug30;341(6149):959. PMID: 23869016; PMCID: PMC3788688.",,,
208,34045736,obesity,"Wade KH, Lam BYH, et al. Loss-of-function mutations in the melanocortin 4 receptor in a UK birth cohort. Nat Med. 2021 Jun;27(6):1088-1096. doi: 10.1038/s41591-021-01349-y. Epub 2021 May 27. PMID: 34045736; PMCID:PMC7611835.",,,
209,19079260,obesity,"Thorleifsson G, Walters GB, et al. Genome-wide association yields new sequence variants at seven loci that associate with measures of obesity. Nat Genet. 2009 Jan;41(1):18-24. doi:10.1038/ng.274. Epub 2008 Dec 14. PMID: 19079260.",,,
210,23563609,obesity,"Wheeler E, Huang N, et al. Genome-wide SNP and CNV analysis identifies common and low-frequency variants associated with severe early-onset obesity. Nat Genet. 2013 May;45(5):513-7. doi: 10.1038/ng.2607. Epub 2013 Apr 7. PMID: 23563609; PMCID: PMC4106235.",,,
211,23583740,congenital heart defects,"Saverio Sabina, Silvia Pulignani, Milena Rizzo, Monica Cresci, Cecilia Vecoli, Ilenia Foffa, Lamia Ait-Ali, Letizia Pitto, Maria Grazia Andreassi,Germline hereditary, somatic mutations and microRNAs targeting-SNPs in congenital heart defects,Journal of Molecular and Cellular Cardiology,Volume 60, 2013,Pages 84-89,ISSN 0022-2828,https://doi.org/10.1016/j.yjmcc.2013.04.002.(https://www.sciencedirect.com/science/article/pii/S0022282813001338)",,,
212,32710738,congenital heart defects,"Lei Y, Ludorf KL, Yu X, Benjamin RH, Gu X, Lin Y, Finnell RH, Mitchell LE, Musfee FI, Malik S, Canfield MA, Morrison AC, Hobbs CA, Van Zutphen AR, Fisher S, Agopian AJ. Maternal Hypertension-Related Genotypes and Congenital Heart Defects. Am J Hypertens. 2021 Feb 18;34(1):82-91. doi: 10.1093/ajh/hpaa116. PMID: 32710738; PMCID: PMC7891240.",,,
213,34041244,congenital heart defects,"Wang Jing, Ma Xiaoqin, Zhang Qi, Chen Yinghui, Wu Dan, Zhao Pengjun, Yu Yu , TITLE=The Interaction Analysis of SNP Variants and DNA Methylation Identifies Novel Methylated Pathogenesis Genes in Congenital Heart Diseases. JOURNAL=Frontiers in Cell and Developmental Biology. VOLUME=9 . YEAR=2021 . URL=https://www.frontiersin.org/articles/10.3389/fcell.2021.665514 . DOI=10.3389/fcell.2021.665514 . ISSN=2296-634X       ",,,
214,26035828,congenital heart defects,"Shi H, Yang S, Liu Y, Huang P, Lin N, Sun X, Yu R, Zhang Y, Qin Y, Wang L. Study on Environmental Causes and SNPs of MTHFR, MS and CBS Genes Related to Congenital Heart Disease. PLoS One. 2015 Jun 2;10(6):e0128646. doi: 10.1371/journal.pone.0128646. PMID: 26035828; PMCID: PMC4452709.",,,
215,29445720,congenital heart defects,"Fiatal S, Adany R. Application of Single-Nucleotide Polymorphism-Related Risk Estimates in Identification of Increased Genetic Susceptibility to Cardiovascular Diseases: A Literature Review. Front Public Health. 2018 Jan 31;5:358. doi: 10.3389/fpubh.2017.00358. PMID: 29445720; PMCID: PMC5797796.",,,
216,33411684,Coronary artery disease,"Wu X, Lin X, Li Q, Wang Z, Zhang N, Tian M, Wang X, Deng H, Tan H. Identification of novel SNPs associated with coronary artery disease and birth weight using a pleiotropic cFDR method. Aging (Albany NY). 2020 Dec 19;13(3):3618-3644. doi: 10.18632/aging.202322. Epub 2020 Dec 19. PMID: 33411684; PMCID: PMC7906162.",,,
217,37491351, CVDS general ,"Zhu, C., Baumgarten, N., Wu, M. et al. CVD-associated SNPs with regulatory potential reveal novel non-coding disease genes. Hum Genomics 17, 69 (2023). https://doi.org/10.1186/s40246-023-00513-4",,,
218,21369780,Atherosclerosis,"Sivapalaratnam S, Motazacker MM, Maiwald S, Hovingh GK, Kastelein JJ, Levi M, Trip MD, Dallinga-Thie GM. Genome-wide association studies in atherosclerosis. Curr Atheroscler Rep. 2011 Jun;13(3):225-32. doi: 10.1007/s11883-011-0173-4. PMID: 21369780; PMCID: PMC3085784.",,,
219,29367937,Atherosclerosis,"Mao C, Howard TD, Sullivan D, Fu Z, Yu G, Parker SJ, Will R, Vander Heide RS, Wang Y, Hixson J, Van Eyk J, Herrington DM. Bioinformatic Analysis of Coronary Disease Associated SNPs and Genes to Identify Proteins Potentially Involved in the Pathogenesis of Atherosclerosis. J Proteom Genom Res. 2017;2(1):1-12. doi: 10.14302/issn.2326-0793.jpgr-17-1447. Epub 2017 Mar 4. PMID: 29367937; PMCID: PMC5777528.",,,
220,28686695,Coronary artery disease,"Christiansen MK, Larsen SB, Nyegaard M, Neergaard-Petersen S, Ajjan R, Wurtz M, Grove EL, Hvas AM, Jensen HK, Kristensen SD. Coronary artery disease-associated genetic variants and biomarkers of inflammation. PLoS One. 2017 Jul 7;12(7):e0180365. doi: 10.1371/journal.pone.0180365. PMID: 28686695; PMCID: PMC5501546.",,,
221,26892958,Coronary artery disease,"McPherson R, Tybjaerg-Hansen A. Genetics of Coronary Artery Disease. Circ Res. 2016 Feb 19;118(4):564-78. doi: 10.1161/CIRCRESAHA.115.306566. PMID: 26892958.",,,
222,35186008,Atherosclerosis,"Bellomo, T. R., Bone, W. P., Chen, B. Y., Gawronski, K. A., Zhang, D., Park, J., Levin, M., Tsao, N., Klarin, D., Lynch, J., Assimes, T. L., Gaziano, J. M., Wilson, P. W., Cho, K., Vujkovic, M., J., C., Chang, K., Tsao, P. S., Rader, D. J., . . . Voight, B. F. (2022). Multi-Trait Genome-Wide Association Study of Atherosclerosis Detects Novel Pleiotropic Loci. Frontiers in Genetics, 12, 787545. https://doi.org/10.3389/fgene.2021.787545",,,
223,37288254,Atherosclerosis,"C., J., Page, R. A., Mallard, B., Bromhead, C., & Palmer, B. R. (2023). VEGF-A related SNPs: A cardiovascular context. Frontiers in Cardiovascular Medicine, 10, 1190513. https://doi.org/10.3389/fcvm.2023.1190513",,,
224,24705329,Cardiac arrhythmias,"Abunimer, A.; Smith, K.; Wu, T.-J.; Lam, P.; Simonyan, V.; Mazumder, R. Single-Nucleotide Variations in Cardiac Arrhythmias: Prospects for Genomics and Proteomics Based Biomarker Discovery and Diagnostics. Genes 2014, 5, 254-269. https://doi.org/10.3390/genes5020254",,,
225,21076409,Cardiac arrhythmias,"Sotoodehnia N, Isaacs A, et al. Common variants in 22 loci are associated with QRS duration and cardiac ventricular conduction. Nat Genet. 2010 Dec;42(12):1068-76. doi: 10.1038/ng.716. Epub 2010 Nov 14. PMID: 21076409; PMCID: PMC3338195.",,,
226,36634218,General CVDS ,"Walsh R, Jurgens SJ, Erdmann J, Bezzina CR. Genome-wide association studies of cardiovascular disease. Physiol Rev. 2023 Jul 1;103(3):2039-2055. doi: 10.1152/physrev.00024.2022. Epub 2023 Jan 12. PMID: 36634218.",,,
227,24439990,Cardiac arrhythmias,"Voudris KV, Apostolakis S, Karyofillis P, Doukas K, Zaravinos A, Androutsopoulos VP, Michalis A, Voudris V, Spandidos DA. Genetic diversity of the KCNE1 gene and susceptibility to postoperative atrial fibrillation. Am Heart J. 2014 Feb;167(2):274-280.e1. doi: 10.1016/j.ahj.2013.09.020. Epub 2013 Oct 23. PMID: 24439990.",,,
228,36789772,Valvular heart diseases,"Ackah RL, Yasuhara J, Garg V. Genetics of aortic valve disease. Curr Opin Cardiol. 2023 May 1;38(3):169-178. doi: 10.1097/HCO.0000000000001028. Epub 2023 Jan 30. PMID: 36789772; PMCID: PMC10079625.",,,
229,29511194,Valvular heart diseases,"Helgadottir, A., Thorleifsson, G. et al. Genome-wide analysis yields new loci associating with aortic valve stenosis. Nat Commun 9, 987 (2018). https://doi.org/10.1038/s41467-018-03252-6",,,
230,35684074,Valvular heart diseases,"Huang N, Zhuang Z, Liu Z, Huang T. Observational and Genetic Associations of Modifiable Risk Factors with Aortic Valve Stenosis: A Prospective Cohort Study of 0.5 Million Participants. Nutrients. 2022 May 28;14(11):2273. doi: 10.3390/nu14112273. PMID: 35684074; PMCID: PMC9182826.",,,
231,16025100,Valvular heart diseases,"Garg V, Muth AN, Ransom JF, Schluterman MK, Barnes R, King IN, Grossfeld PD, Srivastava D. Mutations in NOTCH1 cause aortic valve disease. Nature. 2005 Sep 8;437(7056):270-4. doi: 10.1038/nature03940. Epub 2005 Jul 17. PMID: 16025100.",,,
232,23388002,Valvular heart diseases,"Thanassoulis G, Campbell CY, Owens DS, Smith JG, Smith AV, Peloso GM, Kerr KF, Pechlivanis S, Budoff MJ, Harris TB, Malhotra R, O'Brien KD, Kamstrup PR, Nordestgaard BG, Tybjaerg-Hansen A, Allison MA, Aspelund T, Criqui MH, Heckbert SR, Hwang SJ, Liu Y, Sjogren M, van der Pals J, K?lsch H, M?hleisen TW, N?then MM, Cupples LA, Caslake M, Di Angelantonio E, Danesh J, Rotter JI, Sigurdsson S, Wong Q, Erbel R, Kathiresan S, Melander O, Gudnason V, O'Donnell CJ, Post WS; CHARGE Extracoronary Calcium Working Group. Genetic associations with valvular calcification and aortic stenosis. N Engl J Med. 2013 Feb 7;368(6):503-12. doi: 10.1056/NEJMoa1109034. PMID: 23388002; PMCID: PMC3766627.",,,
233,21839733,Valvular heart diseases,"Laforest B, Nemer M. GATA5 interacts with GATA4 and GATA6 in outflow tract development. Dev Biol. 2011 Oct 15;358(2):368-78. doi: 10.1016/j.ydbio.2011.07.037. Epub 2011 Aug 4. PMID: 21839733.",,,
234,33219353,Hypertension,"Padmanabhan, S., Dominiczak, A.F. Genomics of hypertension: the road to precision medicine. Nat Rev Cardiol 18, 235-250 (2021). https://doi.org/10.1038/s41569-020-00466-4",,,
235,16754793,Hypertension,"Dickson ME, Sigmund CD. Genetic basis of hypertension: revisiting angiotensinogen. Hypertension. 2006 Jul;48(1):14-20. doi: 10.1161/01.HYP.0000227932.13687.60. Epub 2006 Jun 5. PMID: 16754793.",,,
236,32300774,Smoking,"Larsson SC, Mason AM, et al. Genetic predisposition to smoking in relation to 14 cardiovascular diseases. Eur Heart J. 2020 Sep 14;41(35):3304-3310. doi: 10.1093/eurheartj/ehaa193. PMID: 32300774; PMCID: PMC7544540.",,,
237,32357238,Smoking,"Heribert Schunkert, Shichao Pang, et al. Tracing risk of multiple cardiovascular diseases to smoking-related genes, European Heart Journal, Volume 41, Issue 35, 14 September 2020, Pages 3311-3313, https://doi.org/10.1093/eurheartj/ehaa285",,,
238,33656795,Smoking,"Lu Y, Xu Z, Georgakis MK, Wang Z, Lin H, Zheng L. Smoking and heart failure: a Mendelian randomization and mediation analysis. ESC Heart Fail. 2021 Jun;8(3):1954-1965. doi: 10.1002/ehf2.13248. Epub 2021 Mar 3. PMID: 33656795; PMCID: PMC8120408.",,,
239,32367730,Alcohol consumption,"Larsson SC, Burgess S, et al. Alcohol Consumption and Cardiovascular Disease: A Mendelian Randomization Study. Circ Genom Precis Med. 2020 Jun;13(3):e002814. doi: 10.1161/CIRCGEN.119.002814. Epub 2020 May 5. PMID: 32367730; PMCID: PMC7299220.",,,
240,33275596,Alcohol consumption,"Daniel B. Rosoff, George Davey Smith, et al.  Evaluating the relationship between alcohol consumption, tobacco use, and cardiovascular disease: A multivariable Mendelian randomization study.December 4,2020.https://doi.org/10.1371/journal.pmed.1003410",,,
241,35383711,pulmonary arterial hypertension,Thomeas-McEwing V et al.. Two polymorphic gene loci associated with treprostinil dose in pulmonary arterial hypertension.  10.1097/FPC.0000000000000463,,,
242,23502781,pulmonary arterial hypertension,Marine Germain et al.. Genome-wide association analysis identifies a susceptibility locus for pulmonary arterial hypertension. 10.1038/ng.2581,,,
243,37089865,pulmonary arterial hypertension,"Alex Pu, Gautam Ramani, Yi-Ju Chen, James A Perry, Charles C Hong. Identification of novel genetic variants, including PIM1 and LINC01491, with ICD-10 based diagnosis of pulmonary arterial hypertension in the UK Biobank cohort.10.3389/fddsv.2023.1127736",,,
244,30527956,pulmonary arterial hypertension,Christopher J Rhodes et al.. Genetic determinants of risk in pulmonary arterial hypertension: international genome-wide association studies and meta-analysis.. 10.1016/S2213-2600(18)30409-0,,,
245,29088834,pulmonary arterial hypertension,Mai Kimura et al.. A genome-wide association analysis identifies PDE1A|DNAJC10 locus on chromosome 2 associated with idiopathic pulmonary arterial hypertension in a Japanese population.. 10.18632/oncotarget.20459,,,
246,24621962,pulmonary arterial hypertension,Hinderhofer K et al.. Identification of a new intronic BMPR2-mutation and early diagnosis of heritable pulmonary arterial hypertension in a large family with mean clinical follow-up of 12 years.. 10.1371/journal.pone.0091374,,,
247,30894412,pulmonary arterial hypertension,Pau Puigdevall et al.. Genetic linkage analysis of a large family identifies FIGN as a candidate modulator of reduced penetrance in heritable pulmonary arterial hypertension. 10.1136/jmedgenet-2018-105669,,,
248,33036198,pulmonary arterial hypertension,Jie Song et al.. BMPR2 Promoter Variants Effect Gene Expression in Pulmonary Arterial Hypertension Patients. 10.3390/genes11101168,,,
249,32471403,pulmonary arterial hypertension,Qixian Zeng et al.. Clinical characteristics and survival of Chinese patients diagnosed with pulmonary arterial hypertension who carry BMPR2 or EIF2KAK4 variants. 10.1186/s12890-020-01179-7,,,
250,34078089,pulmonary arterial hypertension,Malik Bisserier et al.. Regulation of the Methylation and Expression Levels of the BMPR2 Gene by SIN3a as a Novel Therapeutic Mechanism in Pulmonary Arterial Hypertension. 10.1161/CIRCULATIONAHA.120.047978,,,
251,28972005,pulmonary arterial hypertension,Charaka Hadinnapola et al.. Phenotypic Characterization of EIF2AK4 Mutation Carriers in a Large Cohort of Patients Diagnosed Clinically With Pulmonary Arterial Hypertension. 10.1161/CIRCULATIONAHA.117.028351,,,
252,35811711,pulmonary arterial hypertension,Kae-Woei Liang et al.. Whole Exome Sequencing of Patients With Heritable and Idiopathic Pulmonary Arterial Hypertension in Central Taiwan. 10.3389/fcvm.2022.911649,,,
253,24936649,pulmonary arterial hypertension,"Guillermo Pousada et al.. Novel mutations in BMPR2, ACVRL1 and KCNA5 genes and hemodynamic parameters in patients with pulmonary arterial hypertension. 10.1371/journal.pone.0100261",,,
254,18159113,pulmonary arterial hypertension,Maya Fujiwara et al.. Implications of mutations of activin receptor-like kinase 1 gene (ALK1) in addition to bone morphogenetic protein receptor II gene (BMPR2) in children with pulmonary arterial hypertension. 10.1253/circj.72.127,,,
255,35627312,pulmonary arterial hypertension,Natalia Gallego-Zazo et al.. Description of Two New Cases of AQP1 Related Pulmonary Arterial Hypertension and Review of the Literature. 10.3390/genes13050927,,,
256,35346192,pulmonary arterial hypertension,Christina A Eichstaedt et al.. Gene panel diagnostics reveals new pathogenic variants in pulmonary arterial hypertension. 10.1186/s12931-022-01987-x,,,
257,32028950,pulmonary arterial hypertension,Xiaoyue Ge et al.. Gender differences in pulmonary arterial hypertension patients with BMPR2 mutation: a meta-analysis. 10.1186/s12931-020-1309-2,,,
258,37007933,pulmonary arterial hypertension,Kae-Woei Liang et al.. A cluster of heritable pulmonary arterial hypertension cases in a family with all three siblings carrying the same novel AQP1 c.273C>G variant-a case report. 10.1002/pul2.12211,,,
259,29650961,pulmonary arterial hypertension,Stefan Graf et al.. Identification of rare sequence variation underlying heritable pulmonary arterial hypertension. 10.1038/s41467-018-03672-4,,,
260,30029678,pulmonary arterial hypertension,Na Zhu et al.. Rare variants in SOX17 are associated with pulmonary arterial hypertension with congenital heart disease. 10.1186/s13073-018-0566-x.,,,
261,34966542,pulmonary arterial hypertension,Xinyu Zhang et al.. Clinical characteristics and prognosis analysis of idiopathic and hereditary pulmonary hypertension patients with ACVRL1 gene mutations. 10.1177/20458940211044577,,,
262,30218748,pulmonary arterial hypertension,"Yu-Rui Jiao et al.. 5-HTT, BMPR2, EDN1, ENG, KCNA5 gene polymorphisms and susceptibility to pulmonary arterial hypertension: A meta-analysis. 10.1016/j.gene.2018.09.020",,,
263,29350394,pulmonary arterial hypertension,"Barbara Uzna?ska-Loch et al.. Genetic variants in a Polish population of patients with pulmonary arterial hypertension: sequencing of BMPR2, ALK1, and ENG genes. 10.5603/KP.a2018.0034",,,
264,16339917,pulmonary arterial hypertension,Elisabeth D Willers et al.. Serotonin transporter polymorphisms in familial and idiopathic pulmonary arterial hypertension. 10.1164/rccm.200509-1361OC,,,
265,20556823,pulmonary arterial hypertension,J Wipff et al.. Association of a KCNA5 gene polymorphism with systemic sclerosis-associated pulmonary arterial hypertension in the European Caucasian population. 10.1002/art.27607,,,
266,22896741,pulmonary arterial hypertension,Eugenie Koumakis et al.. TGFbeta receptor gene variants in systemic sclerosis-related pulmonary arterial hypertension: results from a multicentre EUSTAR study of European Caucasian patients. 10.1136/annrheumdis-2012-201755,,,
267,30539924,pulmonary arterial hypertension,Can Huang et al. . CBLN2 rs2217560 was Associated with Pulmonary Arterial Hypertension in Systemic Lupus Erythematosus. 10.4103/0366-6999.247212,,,
268,19844076,pulmonary arterial hypertension,Silvia Ulrich et al.. Sequence variants in BMPR2 and genes involved in the serotonin and nitric oxide pathways in idiopathic pulmonary arterial hypertension and chronic thromboembolic pulmonary hypertension: relation to clinical parameters and comparison with left heart disease. 10.1159/000250322.,,,
269,19556740,pulmonary arterial hypertension,"Silvia Ulrich et al.. Genetic polymorphisms of the serotonin transporter, but not the 2a receptor or nitric oxide synthetase, are associated with pulmonary hypertension in chronic obstructive pulmonary disease. 10.1159/000226243",,,
270,24057178,pulmonary arterial hypertension,"Sevinc Sarinc Ulasli et al.. Associations between endothelial nitric oxide synthase A/B, angiotensin converting enzyme I/D and serotonin transporter L/S gene polymorphisms with pulmonary hypertension in COPD patients. 10.1007/s11033-013-2664-6",,,
271,15875760,pulmonary arterial hypertension,Ruzena Tkacova et al.. The link between angiotensin-converting enzyme genotype and pulmonary artery pressure in patients with COPD. 10.1007/s00508-005-0333-z,,,
272,22177971,pulmonary arterial hypertension,Adolfo Baloira et al.. Polymorphisms in the serotonin transporter protein (SERT) gene in patients with pulmonary arterial hypertension. 10.1016/j.arbres.2011.10.008,,,
273,32962488,pulmonary arterial hypertension,Feng Zhang et al.. SLC6A4 gene L/S polymorphism and susceptibility to pulmonary arterial hypertension: a meta-analysis. 10.1177/0300060520935309,,,
274,20056902,pulmonary arterial hypertension,Barbara Girerd et al.. Clinical outcomes of pulmonary arterial hypertension in patients carrying an ACVRL1 (ALK1) mutation. ,,,
275,36180795,Cerebrovascular disease,Aniket Mishra et al.. Stroke genetics informs drug discovery and risk prediction across ancestries. 10.1038/s41586-022-05165-3,,,
276,34887591,Dislipidemia,Sarah E Graham et al.. The power of genetic diversity in genome-wide association studies of lipids. 10.1038/s41586-021-04064-3,,,
277,32049305,Hypercholesterolemia,Mark Trinder et al.. Association of Monogenic vs Polygenic Hypercholesterolemia With Risk of Atherosclerotic Cardiovascular Disease. 10.1001/jamacardio.2019.5954,,,
278,31345425,Hypercholesterolemia,Mark Trinder et al.. Risk of Premature Atherosclerotic Disease in Patients With Monogenic Versus Polygenic Familial Hypercholesterolemia. 10.1016/j.jacc.2019.05.043,,,
279,31345426,Hypercholesterolemia,Daniel J Rader et al. Polygenic Risk Scores in Familial Hypercholesterolemia. 10.1016/j.jacc.2019.06.006,,,
280,28549500,Hypercholesterolemia,Mahtab Sharifi et al. Greater preclinical atherosclerosis in treated monogenic familial hypercholesterolemia vs. polygenic hypercholesterolemia. 10.1016/j.atherosclerosis,,,
281,24916650,Hypercholesterolemia,Jorie Versmissen et al.. Identifying genetic risk variants for coronary heart disease in familial hypercholesterolemia: an extreme genetics approach. 10.1038/ejhg.2014.101,,,
282,33890476,Hypercholesterolemia,"Laura D'Erasmo et al.. Clinical Implications of Monogenic Versus Polygenic Hypercholesterolemia: Long-Term Response to Treatment, Coronary Atherosclerosis Burden, and Cardiovascular Events. 10.1161/JAHA.120.018932",,,
283,37568561,Hypercholesterolemia,Gustavs Latkovskis et al.. Genetic Characteristics of Latvian Patients with Familial Hypercholesterolemia: The First Analysis from Genome-Wide Sequencing. 10.3390/jcm12155160,,,
284,36196022,Hypercholesterolemia,Marianne Abifadel et al.. Genetic and molecular architecture of familial hypercholesterolemia. 10.1111/joim.13577,,,
285,28965616,Hypercholesterolemia,Angela Pirillo et al.. Spectrum of mutations in Italian patients with familial hypercholesterolemia: New results from the LIPIGEN study. 10.1016/j.atherosclerosissup.2017.07.002,,,
286,27784735,Hypercholesterolemia,Rosa M Sanchez-Hernandez et al.. Homozygous Familial Hypercholesterolemia in Spain: Prevalence and Phenotype-Genotype Relationship. 10.1161/CIRCGENETICS.116.001545,,,
287,27596133,Hypercholesterolemia,Thomas Grenkowitz et al.. Clinical characterization and mutation spectrum of German patients with familial hypercholesterolemia. 10.1016/j.atherosclerosis.2016.08.037,,,
288,30415195,Hypercholesterolemia,Dalal Alhababi et al.. Spectrum of mutations of familial hypercholesterolemia in the 22 Arab countries. 10.1016/j.atherosclerosis.2018.10.022,,,
289,36376532,Stroke,Aniket Mishra et al.. Publisher Correction: Stroke genetics informs drug discovery and risk prediction across ancestries. 10.1038/s41586-022-05492-5,,,
290,21940970,Stroke,James F Meschia et al.. Siblings with ischemic stroke study: results of a genome-wide scan for stroke loci. 10.1161/STROKEAHA.111.620484,,,
291,17283317,Stroke,P G Wiklund et al.. Lack of aggregation of ischemic stroke subtypes within affected sibling pairs. 10.1212/01.wnl.0000252955.17126.6a,,,
292,23381943,Stroke,Frances M K Williams et al.. Ischemic stroke is associated with the ABO locus: the EuroCLOT study. 10.1002/ana.23838,,,
293,24262325,Stroke,Martin Dichgans et al.. Shared genetic susceptibility to ischemic stroke and coronary artery disease: a genome-wide analysis of common variants. 10.1161/STROKEAHA.113.002707,,,
294,23041239,Stroke,"Matthew Traylor et al,. Genetic risk factors for ischaemic stroke and its subtypes (the METASTROKE collaboration): a meta-analysis of genome-wide association studies. 10.1016/S1474-4422(12)70234-X",,,
295,20031605,Stroke,Hu Ding et al.. 9p21 is a shared susceptibility locus strongly for coronary artery disease and weakly for ischemic stroke in Chinese Han population. 10.1161/CIRCGENETICS.108.810226,,,
296,35860475,Stroke,"Xuemei Hu et al.. Association of Single-Nucleotide Polymorphisms of rs2383206, rs2383207, and rs10757278 With Stroke Risk in the Chinese Population: A Meta-analysis. 10.3389/fgene.2022.905619",,,
297,35653368,Stroke,Na Bai et al.. Genetic association of ANRIL with susceptibility to Ischemic stroke: A comprehensive meta-analysis. 10.1371/journal.pone.0263459,,,
298,28004990,Stroke,"Hua Liu et al.. Platelet glycoprotein gene Ia C807T, HPA-3, and Ib? VNTR polymorphisms are associated with increased ischemic stroke risk: Evidence from a comprehensive meta-analysis. 10.1177/1747493016672085",,,
299,10884464,Stroke,A P Reiner et al.. Genetic variants of platelet glycoprotein receptors and risk of stroke in young women. 10.1161/01.str.31.7.1628,,,
300,10582985,Stroke,A M Carter et al.. Association of the platelet glycoprotein IIb HPA-3 polymorphism with survival after acute ischemic stroke. 10.1161/01.str.30.12.2606,,,
301,9227689,Stroke,"L E Carlsson et al.. Polymorphisms of the human platelet antigens HPA-1, HPA-2, HPA-3, and HPA-5 on the platelet receptors for fibrinogen (GPIIb/IIIa), von Willebrand factor (GPIb/IX), and collagen (GPIa/IIa) are not correlated with an increased risk for stroke. 10.1161/01.str.28.7.1392",,,
302,29050321,Stroke,"Xingyang Yi et al.. Interaction among CYP2C8, GPIIIa and P2Y12variants increase susceptibility to ischemic stroke in Chinese population. 10.18632/oncotarget.19991",,,
303,28091702,Stroke,"Xingyang Yi et al.. Platelet receptor Gene (P2Y12, P2Y1) and platelet glycoprotein Gene (GPIIIa) polymorphisms are associated with antiplatelet drug responsiveness and clinical outcomes after acute minor ischemic stroke. 10.1007/s00228-017-2198-2",,,
304,28068952,Stroke,"Xingyang Yi et al.. Interaction among COX-2, P2Y1 and GPIIIa gene variants is associated with aspirin resistance and early neurological deterioration in Chinese stroke patients. 10.1186/s12883-016-0788-8",,,
305,32345264,Stroke,Xingyang Yi et al.. Variants in clopidogrel-relevant genes and early neurological deterioration in ischemic stroke patients receiving clopidogrel. 10.1186/s12883-020-01703-6,,,
306,30914039,Stroke,"Xingyang Yi et al.. The TXA2R rs1131882, P2Y1 rs1371097 and GPIIIa rs2317676 three-loci interactions may increase the risk of carotid stenosis in patients with ischemic stroke. 10.1186/s12883-019-1271-0",,,
307,28704403,Stroke,"Xingyang Yi et al.. Genetic variants of PTGS2, TXA2R and TXAS1 are associated with carotid plaque vulnerability, platelet activation and TXA2 levels in ischemic stroke patients. 10.1371/journal.pone.0180704",,,
308,34984852,Stroke,Daofeng Fan et al.. MMP9 SNP and MMP SNP-SNP interactions increase the risk for ischemic stroke in the Han Hakka population. 10.1002/brb3.2473,,,
309,31074588,Stroke,"Xingyang Yi et al.. Variants in matrix metalloproteinase-9 gene are associated with hemorrhagic transformation in acute ischemic stroke patients with atherothrombosis, small artery disease, and cardioembolic stroke. 10.1002/brb3.1294",,,
310,25534367,Stroke,Xingyang Yi et al.. Genetic polymorphisms of ALOX5AP and CYP3A5 increase susceptibility to ischemic stroke and are associated with atherothrombotic events in stroke patients. 10.1016/j.jstrokecerebrovasdis.2014.09.035,,,
311,25839935,Stroke,Xingyang Yi et al.. CYP2C8 rs17110453 and EPHX2 rs751141 two-locus interaction increases susceptibility to ischemic stroke. 10.1016/j.gene.2015.03.068,,,
312,35959401,Stroke,Shilin Li et al.. Impact of MMP2 rs243849 and rs14070 genetic polymorphisms on the ischemic stroke susceptibility in Chinese Shaanxi population. 10.3389/fneur.2022.931437,,,
313,37475739,Stroke,Hanming Ge et al.. A potential relationship between MMP-9 rs2250889 and ischemic stroke susceptibility. 10.3389/fneur.2023.1178642,,,
314,35069427,Stroke,Jie Chai et al.. Association of Interleukin-6-174G/C Polymorphism With Ischemic Stroke: An Updated Meta-Analysis. 10.3389/fneur.2021.799022,,,
315,31012282,Stroke,Xingyang Yi et al.. Matrix metalloproteinase-9 gene polymorphisms are associated with ischemic stroke severity and early neurologic deterioration in patients with atrial fibrillation. 10.1002/brb3.1291,,,
316,28835580,Stroke,Xingyang Yi et al.. Epoxyeicosatrienoic Acids are Mediated by EPHX2 Variants and may be a Predictor of Early Neurological Deterioration in Acute Minor Ischemic Stroke. 10.5551/jat.41145,,,
317,19369658,Stroke,M Arfan Ikram et al.. Genomewide association studies of stroke. 10.1056/NEJMoa0900094,,,
318,31258083,Stroke,Fangfang Nie et al.. NINJ2 Gene Polymorphisms and Susceptibility to Ischemic Stroke: An Updated Meta-Analysis. 10.2174/1567202616666190618125241,,,
319,29478939,Stroke,Adel Ali Alhazzani et al.. Association between Factor V Gene Polymorphism and Risk of Ischemic Stroke: An Updated Meta-Analysis. 10.1016/j.jstrokecerebrovasdis.2017.12.006,,,
320,18403734,Stroke,Jane M Maguire et al.. Polymorphisms in platelet glycoprotein 1balpha and factor VII and risk of ischemic stroke: a meta-analysis. 10.1161/STROKEAHA.107.507228,,,
321,22196864,Stroke,Fatma Inci Esen et al.. Glycoprotein Ib-alpha Kozak polymorphism in ischemic stroke. 10.1179/1743132811Y.0000000061,,,
322,11418460,Stroke,R I Baker et al.. Platelet glycoprotein Ibalpha Kozak polymorphism is associated with an increased risk of ischemic stroke. 10.1182/blood.v98.1.36,,,
323,30781868,Stroke,Seyed Mehdi Hashemi et al.. Common Variations in Prothrombotic Genes and Susceptibility to Ischemic Stroke in Young Patients: A Case-Control Study in Southeast Ira. 10.3390/medicina55020047,,,
324,29449128,Stroke,"Mei-Hua Bao et al.. Meta-Analysis on the Association between Brain-Derived Neurotrophic Factor Polymorphism rs6265 and Ischemic Stroke, Poststroke Depression. 10.1016/j.jstrokecerebrovasdis.2018.01.010",,,
325,27913202,Stroke,Shanshan Li et al.. Adiponectin Gene Polymorphism and Ischemic Stroke Subtypes in a Chinese Population. 10.1016/j.jstrokecerebrovasdis.2016.10.045,,,
326,28526273,Stroke,"Yang Xiang et al,. The Association of Growth Differentiation Factor-15 Gene Polymorphisms with Growth Differentiation Factor-15 Serum Levels and Risk of Ischemic Stroke. 10.1016/j.jstrokecerebrovasdis.2017.04.031",,,
327,37221147,Stroke,Wei Chen et al.. Association of C-reactive protein gene polymorphisms with the risk of ischemic stroke: A systematic review and meta-analysis. 10.1002/brb3.2976,,,
328,36448063,Stroke,Zhizhi Chen et al.. Relationship between CRP gene polymorphisms and ischemic stroke risk: A systematic review and meta-analysis. 10.1515/biol-2022-0505,,,
329,36862303,Stroke,Manabesh Nath et al.. Phosphodiesterase 4 D (PDE4D) gene polymorphisms and risk of ischemic stroke: A systematic review and meta-analysis. 10.1007/s13760-023-02218-w.,,,
330,25472665,Stroke,Ming-Jie Zhang et al.. A meta-analysis of the relationship between MTHFR gene A1298C polymorphism and the risk of adult stroke. 10.1159/000369122,,,
331,24391036,Stroke,Q Lv et al.. Association of the methylenetetrahydrofolate reductase gene A1298C polymorphism with stroke risk based on a meta-analysis. 10.4238/2013.December.19.7,,,
332,24128767,Stroke,Shan Kang et al.. Association of the A1298C polymorphism in MTHFR gene with ischemic stroke. 10.1016/j.jocn.2013.04.017,,,
333,32727306,Stroke,Amit Kumar et al.. Relationship between methylenetetrahydrofolate reductase (MTHFR) gene (A1298C) polymorphism with the risk of stroke: A systematic review and meta-analysis. 10.1080/01616412.2020.1798107,,,
334,33400068,Stroke,"Lamia M'barek et al.. MTHFR (C677T, A1298C), FV Leiden polymorphisms, and the prothrombin G20210A mutation in arterial ischemic stroke among young tunisian adults. 10.1007/s11011-020-00663-7",,,
335,36360317,Stroke,"Mihael Tsalta-Mladenov et al.. Factor V Leiden, Factor II, Protein C, Protein S, and Antithrombin and Ischemic Strokes in Young Adults: A Meta-Analysis. 10.3390/genes13112081",,,
336,34563265,Stroke,Xiaobo Dong et al.. MTHFR A1298C gene polymorphism on stroke risk: an updated meta-analysis. 10.1186/s41021-021-00208-z,,,
337,36800142,Stroke,Wei Hu et al.. Influence of ZFHX3 Polymorphisms on the Risk of Ischemic Stroke in Chinese Han Population. 10.1007/s12012-023-09783-9,,,
338,36437455,Stroke,Faqing Long et al.. CYP4 subfamily V member 2 (CYP4V2) polymorphisms were associated with ischemic stroke in Chinese Han population. 10.1186/s12920-022-01393-8,,,
339,29426278,Stroke,"Tao Zhang et al.. Cytochrome P450 family 4 subfamily F member 2 (CYP4F2) rs1558139, rs2108622 polymorphisms and susceptibility to several cardiovascular and cerebrovascular diseases. 10.1186/s12872-018-0763-y",,,
340,31872978,Stroke,Wei Yang et al.. The association analysis between CYP24A1 genetic polymorphisms and the risk of ischemic stroke in Chinese Han population. 10.1002/brb3.1503,,,
